algorithm,grid_rows,grid_cols,n_zones,n_candidate_edges,density,n_active_edges,seed,K,wall_s,mean_rel,p95_rel,max_rel,max_abs
bellman_ford,5,5,25,116,0.0,0,0,1,8.91250092536211e-05,0.0,0.0,0.0,0.0
bellman_ford,5,5,25,116,0.0,0,0,2,0.00018787500448524952,0.0,0.0,0.0,0.0
bellman_ford,5,5,25,116,0.0,0,0,4,7.979100337252021e-05,0.0,0.0,0.0,0.0
bellman_ford,5,5,25,116,0.0,0,0,8,0.0001497500343248248,0.0,0.0,0.0,0.0
bellman_ford,5,5,25,116,0.0,0,0,16,0.00029562501003965735,0.0,0.0,0.0,0.0
bellman_ford,5,5,25,116,0.0,0,0,24,0.0010043339570984244,0.0,0.0,0.0,0.0
bellman_ford,5,5,25,116,0.0,0,0,32,0.0014136670506559312,0.0,0.0,0.0,0.0
matrix_squaring,5,5,25,116,0.0,0,0,1,4.916702164337039e-05,0.0,0.0,0.0,0.0
matrix_squaring,5,5,25,116,0.0,0,0,2,9.295804193243384e-05,0.0,0.0,0.0,0.0
matrix_squaring,5,5,25,116,0.0,0,0,3,0.0001331669627688825,0.0,0.0,0.0,0.0
matrix_squaring,5,5,25,116,0.0,0,0,4,0.00015199999324977398,0.0,0.0,0.0,0.0
matrix_squaring,5,5,25,116,0.0,0,0,5,0.0001895420136861503,0.0,0.0,0.0,0.0
matrix_squaring,5,5,25,116,0.0,0,0,6,0.00022854103008285165,0.0,0.0,0.0,0.0
matrix_squaring,5,5,25,116,0.0,0,0,7,0.0002643750049173832,0.0,0.0,0.0,0.0
bellman_ford,5,5,25,116,0.0,0,1,1,4.299997817724943e-05,0.0,0.0,0.0,0.0
bellman_ford,5,5,25,116,0.0,0,1,2,7.9666031524539e-05,0.0,0.0,0.0,0.0
bellman_ford,5,5,25,116,0.0,0,1,4,0.00015358300879597664,0.0,0.0,0.0,0.0
bellman_ford,5,5,25,116,0.0,0,1,8,0.00030295795295387506,0.0,0.0,0.0,0.0
bellman_ford,5,5,25,116,0.0,0,1,16,0.0006062909960746765,0.0,0.0,0.0,0.0
bellman_ford,5,5,25,116,0.0,0,1,24,0.0009072500397451222,0.0,0.0,0.0,0.0
bellman_ford,5,5,25,116,0.0,0,1,32,0.0012037919950671494,0.0,0.0,0.0,0.0
matrix_squaring,5,5,25,116,0.0,0,1,1,3.94159578718245e-05,0.0,0.0,0.0,0.0
matrix_squaring,5,5,25,116,0.0,0,1,2,7.799995364621282e-05,0.0,0.0,0.0,0.0
matrix_squaring,5,5,25,116,0.0,0,1,3,0.00011487497249618173,0.0,0.0,0.0,0.0
matrix_squaring,5,5,25,116,0.0,0,1,4,0.0001519590150564909,0.0,0.0,0.0,0.0
matrix_squaring,5,5,25,116,0.0,0,1,5,0.0001895000459626317,0.0,0.0,0.0,0.0
matrix_squaring,5,5,25,116,0.0,0,1,6,0.00022720795823261142,0.0,0.0,0.0,0.0
matrix_squaring,5,5,25,116,0.0,0,1,7,0.0002666250220499933,0.0,0.0,0.0,0.0
bellman_ford,5,5,25,116,0.0,0,2,1,2.154201501980424e-05,0.0,0.0,0.0,0.0
bellman_ford,5,5,25,116,0.0,0,2,2,4.0207989513874054e-05,0.0,0.0,0.0,0.0
bellman_ford,5,5,25,116,0.0,0,2,4,7.733399979770184e-05,0.0,0.0,0.0,0.0
bellman_ford,5,5,25,116,0.0,0,2,8,0.00021145801292732358,0.0,0.0,0.0,0.0
bellman_ford,5,5,25,116,0.0,0,2,16,0.0005255000432953238,0.0,0.0,0.0,0.0
bellman_ford,5,5,25,116,0.0,0,2,24,0.0007786250207573175,0.0,0.0,0.0,0.0
bellman_ford,5,5,25,116,0.0,0,2,32,0.001039957976900041,0.0,0.0,0.0,0.0
matrix_squaring,5,5,25,116,0.0,0,2,1,3.408401971682906e-05,0.0,0.0,0.0,0.0
matrix_squaring,5,5,25,116,0.0,0,2,2,6.729195592924953e-05,0.0,0.0,0.0,0.0
matrix_squaring,5,5,25,116,0.0,0,2,3,9.929202497005463e-05,0.0,0.0,0.0,0.0
matrix_squaring,5,5,25,116,0.0,0,2,4,0.00013229198521003127,0.0,0.0,0.0,0.0
matrix_squaring,5,5,25,116,0.0,0,2,5,0.00016437500016763806,0.0,0.0,0.0,0.0
matrix_squaring,5,5,25,116,0.0,0,2,6,0.00019979203352704644,0.0,0.0,0.0,0.0
matrix_squaring,5,5,25,116,0.0,0,2,7,0.00022879202151671052,0.0,0.0,0.0,0.0
bellman_ford,5,5,25,116,0.25,29,0,1,3.649998689070344e-05,0.4684507873488304,1.9590846196067302,2.7615646345268376,974.5862205862609
bellman_ford,5,5,25,116,0.25,29,0,2,6.849999772384763e-05,0.15062561212378267,0.6808874506533414,1.885714285714286,589.2857142857143
bellman_ford,5,5,25,116,0.25,29,0,4,0.00013316597323864698,0.014353268313592403,0.1531787161522953,0.32117912878236454,177.8220236823687
bellman_ford,5,5,25,116,0.25,29,0,8,0.000263167021330446,7.765018688075247e-18,5.63888185336491e-18,2.006718943557211e-16,1.1368683772161603e-13
bellman_ford,5,5,25,116,0.25,29,0,16,0.0005232499679550529,7.765018688075247e-18,5.63888185336491e-18,2.006718943557211e-16,1.1368683772161603e-13
bellman_ford,5,5,25,116,0.25,29,0,24,0.0007881249766796827,7.765018688075247e-18,5.63888185336491e-18,2.006718943557211e-16,1.1368683772161603e-13
bellman_ford,5,5,25,116,0.25,29,0,32,0.0008547080215066671,7.765018688075247e-18,5.63888185336491e-18,2.006718943557211e-16,1.1368683772161603e-13
matrix_squaring,5,5,25,116,0.25,29,0,1,2.141698496416211e-05,0.4684507873488304,1.9590846196067302,2.7615646345268376,974.5862205862609
matrix_squaring,5,5,25,116,0.25,29,0,2,4.170899046584964e-05,0.0446738861084781,0.3091930651061297,0.6416914807599704,387.0314656919775
matrix_squaring,5,5,25,116,0.25,29,0,3,6.241601658985019e-05,0.0002856644369869497,0.0,0.0856993310960841,85.43341513324833
matrix_squaring,5,5,25,116,0.25,29,0,4,8.929200703278184e-05,2.7176487157410067e-18,0.0,1.8268583398278235e-16,1.1368683772161603e-13
matrix_squaring,5,5,25,116,0.25,29,0,5,0.00015016697579994798,2.7176487157410067e-18,0.0,1.8268583398278235e-16,1.1368683772161603e-13
matrix_squaring,5,5,25,116,0.25,29,0,6,0.00017612497322261333,2.7176487157410067e-18,0.0,1.8268583398278235e-16,1.1368683772161603e-13
matrix_squaring,5,5,25,116,0.25,29,0,7,0.0002055829972960055,2.7176487157410067e-18,0.0,1.8268583398278235e-16,1.1368683772161603e-13
bellman_ford,5,5,25,116,0.25,29,1,1,3.250001464039087e-05,0.8002030582966365,2.249703352968487,3.0353454897597385,1088.4521215316793
bellman_ford,5,5,25,116,0.25,29,1,2,6.125000072643161e-05,0.2942348049361216,1.216670844022681,2.1463133790531135,708.3758492555739
bellman_ford,5,5,25,116,0.25,29,1,4,0.00011837499914690852,0.0250848187573432,0.2620470949756509,0.5049430083924629,291.68792462778697
bellman_ford,5,5,25,116,0.25,29,1,8,0.000235249986872077,7.054290006686944e-18,0.0,2.2068041936953264e-16,1.1368683772161603e-13
bellman_ford,5,5,25,116,0.25,29,1,16,0.00046633300371468067,7.054290006686944e-18,0.0,2.2068041936953264e-16,1.1368683772161603e-13
bellman_ford,5,5,25,116,0.25,29,1,24,0.000700041011441499,7.054290006686944e-18,0.0,2.2068041936953264e-16,1.1368683772161603e-13
bellman_ford,5,5,25,116,0.25,29,1,32,0.0009316669893451035,7.054290006686944e-18,0.0,2.2068041936953264e-16,1.1368683772161603e-13
matrix_squaring,5,5,25,116,0.25,29,1,1,3.066699719056487e-05,0.8002030582966365,2.249703352968487,3.0353454897597385,1088.4521215316793
matrix_squaring,5,5,25,116,0.25,29,1,2,6.020901491865516e-05,0.09158542872602586,0.5662028676486758,1.2162440712835374,522.7073586016065
matrix_squaring,5,5,25,116,0.25,29,1,3,8.979201084002852e-05,1.58745624770456e-18,0.0,1.7959120634364152e-16,1.1368683772161603e-13
matrix_squaring,5,5,25,116,0.25,29,1,4,0.00011816603364422917,1.58745624770456e-18,0.0,1.7959120634364152e-16,1.1368683772161603e-13
matrix_squaring,5,5,25,116,0.25,29,1,5,0.00014879100490361452,1.58745624770456e-18,0.0,1.7959120634364152e-16,1.1368683772161603e-13
matrix_squaring,5,5,25,116,0.25,29,1,6,0.00018137495499104261,1.58745624770456e-18,0.0,1.7959120634364152e-16,1.1368683772161603e-13
matrix_squaring,5,5,25,116,0.25,29,1,7,0.0002080000122077763,1.58745624770456e-18,0.0,1.7959120634364152e-16,1.1368683772161603e-13
bellman_ford,5,5,25,116,0.25,29,2,1,2.987496554851532e-05,0.5005329409978724,1.5190950808214865,3.1428571428571432,813.6181709953848
bellman_ford,5,5,25,116,0.25,29,2,2,5.6791992392390966e-05,0.18918368936390648,0.7212525292725612,1.9169454817857152,796.7641969038923
bellman_ford,5,5,25,116,0.25,29,2,4,0.00011008302681148052,0.015624260846777396,0.1495210880606985,0.3780816802733092,218.433936934852
bellman_ford,5,5,25,116,0.25,29,2,8,0.00021720799850299954,5.732040524492335e-18,0.0,1.8268583398278235e-16,1.1368683772161603e-13
bellman_ford,5,5,25,116,0.25,29,2,16,0.0004332499811425805,5.732040524492335e-18,0.0,1.8268583398278235e-16,1.1368683772161603e-13
bellman_ford,5,5,25,116,0.25,29,2,24,0.0006466670311056077,5.732040524492335e-18,0.0,1.8268583398278235e-16,1.1368683772161603e-13
bellman_ford,5,5,25,116,0.25,29,2,32,0.0008688750094734132,5.732040524492335e-18,0.0,1.8268583398278235e-16,1.1368683772161603e-13
matrix_squaring,5,5,25,116,0.25,29,2,1,2.8375012334436178e-05,0.5005329409978724,1.5190950808214865,3.1428571428571432,813.6181709953848
matrix_squaring,5,5,25,116,0.25,29,2,2,5.5708049330860376e-05,0.06671201872109328,0.3914526964249947,0.9943055002353712,475.41981334029595
matrix_squaring,5,5,25,116,0.25,29,2,3,8.21659923531115e-05,8.474298732955158e-18,1.133678999556294e-16,1.8268583398278235e-16,1.1368683772161603e-13
matrix_squaring,5,5,25,116,0.25,29,2,4,0.00010945799294859171,8.474298732955158e-18,1.133678999556294e-16,1.8268583398278235e-16,1.1368683772161603e-13
matrix_squaring,5,5,25,116,0.25,29,2,5,0.0001360419555567205,8.474298732955158e-18,1.133678999556294e-16,1.8268583398278235e-16,1.1368683772161603e-13
matrix_squaring,5,5,25,116,0.25,29,2,6,0.00016287504695355892,8.474298732955158e-18,1.133678999556294e-16,1.8268583398278235e-16,1.1368683772161603e-13
matrix_squaring,5,5,25,116,0.25,29,2,7,0.00018962501781061292,8.474298732955158e-18,1.133678999556294e-16,1.8268583398278235e-16,1.1368683772161603e-13
bellman_ford,5,5,25,116,0.5,58,0,1,2.3833010345697403e-05,0.712035782744193,2.572436006679176,3.1996705518988486,1048.420188797645
bellman_ford,5,5,25,116,0.5,58,0,2,4.474999150261283e-05,0.0947253421103287,0.7779140624553996,1.9767362205629468,647.7073586016068
bellman_ford,5,5,25,116,0.5,58,0,4,8.870795136317611e-05,9.745450756264131e-19,0.0,1.5604462101128766e-16,5.684341886080802e-14
bellman_ford,5,5,25,116,0.5,58,0,8,0.00017441599629819393,9.745450756264131e-19,0.0,1.5604462101128766e-16,5.684341886080802e-14
bellman_ford,5,5,25,116,0.5,58,0,16,0.00034845899790525436,9.745450756264131e-19,0.0,1.5604462101128766e-16,5.684341886080802e-14
bellman_ford,5,5,25,116,0.5,58,0,24,0.00062654196517542,9.745450756264131e-19,0.0,1.5604462101128766e-16,5.684341886080802e-14
bellman_ford,5,5,25,116,0.5,58,0,32,0.0008687920053489506,9.745450756264131e-19,0.0,1.5604462101128766e-16,5.684341886080802e-14
matrix_squaring,5,5,25,116,0.5,58,0,1,2.8124952223151922e-05,0.712035782744193,2.572436006679176,3.1996705518988486,1048.420188797645
matrix_squaring,5,5,25,116,0.5,58,0,2,5.566602339968085e-05,0.00554605710320906,0.0,0.7551749252544534,294.6428571428572
matrix_squaring,5,5,25,116,0.5,58,0,3,8.224998600780964e-05,9.290401111758935e-19,0.0,1.4997039101179216e-16,5.684341886080802e-14
matrix_squaring,5,5,25,116,0.5,58,0,4,0.00010945799294859171,9.290401111758935e-19,0.0,1.4997039101179216e-16,5.684341886080802e-14
matrix_squaring,5,5,25,116,0.5,58,0,5,0.00013691600179299712,9.290401111758935e-19,0.0,1.4997039101179216e-16,5.684341886080802e-14
matrix_squaring,5,5,25,116,0.5,58,0,6,0.000162916025146842,9.290401111758935e-19,0.0,1.4997039101179216e-16,5.684341886080802e-14
matrix_squaring,5,5,25,116,0.5,58,0,7,0.00018566602375358343,9.290401111758935e-19,0.0,1.4997039101179216e-16,5.684341886080802e-14
bellman_ford,5,5,25,116,0.5,58,1,1,2.804095856845379e-05,0.6342064569083652,2.640244290967195,3.1428571428571432,1011.8085364459635
bellman_ford,5,5,25,116,0.5,58,1,2,5.2292016334831715e-05,0.06610382194700558,0.46747921114676705,1.805900559214961,611.0957062499251
bellman_ford,5,5,25,116,0.5,58,1,4,0.00010245799785479903,2.600743683521461e-19,0.0,1.5604462101128766e-16,5.684341886080802e-14
bellman_ford,5,5,25,116,0.5,58,1,8,0.0002026669681072235,2.600743683521461e-19,0.0,1.5604462101128766e-16,5.684341886080802e-14
bellman_ford,5,5,25,116,0.5,58,1,16,0.000404000049456954,2.600743683521461e-19,0.0,1.5604462101128766e-16,5.684341886080802e-14
bellman_ford,5,5,25,116,0.5,58,1,24,0.0006032499950379133,2.600743683521461e-19,0.0,1.5604462101128766e-16,5.684341886080802e-14
bellman_ford,5,5,25,116,0.5,58,1,32,0.0008052500197663903,2.600743683521461e-19,0.0,1.5604462101128766e-16,5.684341886080802e-14
matrix_squaring,5,5,25,116,0.5,58,1,1,2.662499900907278e-05,0.6342064569083652,2.640244290967195,3.1428571428571432,1011.8085364459635
matrix_squaring,5,5,25,116,0.5,58,1,2,5.2291026804596186e-05,0.002375146043419163,0.0,0.26120387496374137,88.38834764831842
matrix_squaring,5,5,25,116,0.5,58,1,3,7.687497418373823e-05,0.0,0.0,0.0,0.0
matrix_squaring,5,5,25,116,0.5,58,1,4,0.00010191596811637282,0.0,0.0,0.0,0.0
matrix_squaring,5,5,25,116,0.5,58,1,5,0.00012770900502800941,0.0,0.0,0.0,0.0
matrix_squaring,5,5,25,116,0.5,58,1,6,0.0001531669986434281,0.0,0.0,0.0,0.0
matrix_squaring,5,5,25,116,0.5,58,1,7,0.0001775420387275517,0.0,0.0,0.0,0.0
bellman_ford,5,5,25,116,0.5,58,2,1,2.8041016776114702e-05,0.5995828292193373,2.348059014717747,3.535714285714286,975.1968840942819
bellman_ford,5,5,25,116,0.5,58,2,2,5.216698627918959e-05,0.07921640067700889,0.6173659667195998,2.357142857142857,589.2857142857143
bellman_ford,5,5,25,116,0.5,58,2,4,0.00010254199150949717,7.700993883906125e-19,0.0,1.5604462101128766e-16,5.684341886080802e-14
bellman_ford,5,5,25,116,0.5,58,2,8,0.0002169169601984322,7.700993883906125e-19,0.0,1.5604462101128766e-16,5.684341886080802e-14
bellman_ford,5,5,25,116,0.5,58,2,16,0.00040541699854657054,7.700993883906125e-19,0.0,1.5604462101128766e-16,5.684341886080802e-14
bellman_ford,5,5,25,116,0.5,58,2,24,0.0006039579748176038,7.700993883906125e-19,0.0,1.5604462101128766e-16,5.684341886080802e-14
bellman_ford,5,5,25,116,0.5,58,2,32,0.0007734170067124069,7.700993883906125e-19,0.0,1.5604462101128766e-16,5.684341886080802e-14
matrix_squaring,5,5,25,116,0.5,58,2,1,2.4708977434784174e-05,0.5995828292193373,2.348059014717747,3.535714285714286,975.1968840942819
matrix_squaring,5,5,25,116,0.5,58,2,2,4.975002957507968e-05,0.006001774883933207,0.0,0.8088435547679608,294.6428571428571
matrix_squaring,5,5,25,116,0.5,58,2,3,7.337500574067235e-05,5.201487367042921e-19,0.0,1.5604462101128763e-16,5.684341886080802e-14
matrix_squaring,5,5,25,116,0.5,58,2,4,9.708304423838854e-05,5.201487367042921e-19,0.0,1.5604462101128763e-16,5.684341886080802e-14
matrix_squaring,5,5,25,116,0.5,58,2,5,0.00012020801659673452,5.201487367042921e-19,0.0,1.5604462101128763e-16,5.684341886080802e-14
matrix_squaring,5,5,25,116,0.5,58,2,6,0.00014395802281796932,5.201487367042921e-19,0.0,1.5604462101128763e-16,5.684341886080802e-14
matrix_squaring,5,5,25,116,0.5,58,2,7,0.00016700004925951362,5.201487367042921e-19,0.0,1.5604462101128763e-16,5.684341886080802e-14
bellman_ford,5,5,25,116,0.75,87,0,1,2.6209047064185143e-05,0.5102853559288605,2.572806139253995,3.1428571428571432,1022.9426355005451
bellman_ford,5,5,25,116,0.75,87,0,2,4.9124995712190866e-05,0.017247293250598268,0.0,1.1799424058778103,416.68792462778697
bellman_ford,5,5,25,116,0.75,87,0,4,9.970902465283871e-05,0.0,0.0,0.0,0.0
bellman_ford,5,5,25,116,0.75,87,0,8,0.00019062496721744537,0.0,0.0,0.0,0.0
bellman_ford,5,5,25,116,0.75,87,0,16,0.00037925003562122583,0.0,0.0,0.0,0.0
bellman_ford,5,5,25,116,0.75,87,0,24,0.0005813339957967401,0.0,0.0,0.0,0.0
bellman_ford,5,5,25,116,0.75,87,0,32,0.0007602910045534372,0.0,0.0,0.0,0.0
matrix_squaring,5,5,25,116,0.75,87,0,1,2.483295975252986e-05,0.5102853559288605,2.572806139253995,3.1428571428571432,1022.9426355005451
matrix_squaring,5,5,25,116,0.75,87,0,2,4.904199158772826e-05,0.0,0.0,0.0,0.0
matrix_squaring,5,5,25,116,0.75,87,0,3,7.266696775332093e-05,0.0,0.0,0.0,0.0
matrix_squaring,5,5,25,116,0.75,87,0,4,9.604200022295117e-05,0.0,0.0,0.0,0.0
matrix_squaring,5,5,25,116,0.75,87,0,5,0.00011979200644418597,0.0,0.0,0.0,0.0
matrix_squaring,5,5,25,116,0.75,87,0,6,0.0001420410117134452,0.0,0.0,0.0,0.0
matrix_squaring,5,5,25,116,0.75,87,0,7,0.00016550003783777356,0.0,0.0,0.0,0.0
bellman_ford,5,5,25,116,0.75,87,1,1,2.579198917374015e-05,0.3829531760580044,2.5692567628480405,3.203935863776808,883.9285714285714
bellman_ford,5,5,25,116,0.75,87,1,2,4.975002957507968e-05,0.014091485937858271,0.0,2.135957242517872,589.2857142857143
bellman_ford,5,5,25,116,0.75,87,1,4,9.662500815466046e-05,0.0,0.0,0.0,0.0
bellman_ford,5,5,25,116,0.75,87,1,8,0.0001919579808600247,0.0,0.0,0.0,0.0
bellman_ford,5,5,25,116,0.75,87,1,16,0.0003791250055655837,0.0,0.0,0.0,0.0
bellman_ford,5,5,25,116,0.75,87,1,24,0.0005670000100508332,0.0,0.0,0.0,0.0
bellman_ford,5,5,25,116,0.75,87,1,32,0.0007602500263601542,0.0,0.0,0.0,0.0
matrix_squaring,5,5,25,116,0.75,87,1,1,2.4749955628067255e-05,0.3829531760580044,2.5692567628480405,3.203935863776808,883.9285714285714
matrix_squaring,5,5,25,116,0.75,87,1,2,4.904199158772826e-05,0.0,0.0,0.0,0.0
matrix_squaring,5,5,25,116,0.75,87,1,3,6.912497337907553e-05,0.0,0.0,0.0,0.0
matrix_squaring,5,5,25,116,0.75,87,1,4,9.133398998528719e-05,0.0,0.0,0.0,0.0
matrix_squaring,5,5,25,116,0.75,87,1,5,0.00011433300096541643,0.0,0.0,0.0,0.0
matrix_squaring,5,5,25,116,0.75,87,1,6,0.00012870901264250278,0.0,0.0,0.0,0.0
matrix_squaring,5,5,25,116,0.75,87,1,7,0.00014816696057096124,0.0,0.0,0.0,0.0
bellman_ford,5,5,25,116,0.75,87,2,1,2.2958964109420776e-05,0.3949088222559872,2.34771553102074,2.873282043817242,941.4740842803456
bellman_ford,5,5,25,116,0.75,87,2,2,4.312500823289156e-05,0.0028176673440982775,0.0,0.16257038496822132,51.77669529663689
bellman_ford,5,5,25,116,0.75,87,2,4,9.241601219400764e-05,0.0,0.0,0.0,0.0
bellman_ford,5,5,25,116,0.75,87,2,8,0.00018054101383313537,0.0,0.0,0.0,0.0
bellman_ford,5,5,25,116,0.75,87,2,16,0.0003308749874122441,0.0,0.0,0.0,0.0
bellman_ford,5,5,25,116,0.75,87,2,24,0.0005312079447321594,0.0,0.0,0.0,0.0
bellman_ford,5,5,25,116,0.75,87,2,32,0.0007169159944169223,0.0,0.0,0.0,0.0
matrix_squaring,5,5,25,116,0.75,87,2,1,2.3625034373253584e-05,0.3949088222559872,2.34771553102074,2.873282043817242,941.4740842803456
matrix_squaring,5,5,25,116,0.75,87,2,2,4.654197255149484e-05,0.0,0.0,0.0,0.0
matrix_squaring,5,5,25,116,0.75,87,2,3,6.666703848168254e-05,0.0,0.0,0.0,0.0
matrix_squaring,5,5,25,116,0.75,87,2,4,7.079198257997632e-05,0.0,0.0,0.0,0.0
matrix_squaring,5,5,25,116,0.75,87,2,5,8.841697126626968e-05,0.0,0.0,0.0,0.0
matrix_squaring,5,5,25,116,0.75,87,2,6,0.00010466697858646512,0.0,0.0,0.0,0.0
matrix_squaring,5,5,25,116,0.75,87,2,7,0.0001223749713972211,0.0,0.0,0.0,0.0
bellman_ford,5,5,25,116,1.0,116,0,1,1.916696783155203e-05,0.14414516325625645,2.0814440748149066,3.1428571428571432,833.3758492555739
bellman_ford,5,5,25,116,1.0,116,0,2,3.633397864177823e-05,0.0,0.0,0.0,0.0
bellman_ford,5,5,25,116,1.0,116,0,4,7.116695633158088e-05,0.0,0.0,0.0,0.0
bellman_ford,5,5,25,116,1.0,116,0,8,0.00013945897808298469,0.0,0.0,0.0,0.0
bellman_ford,5,5,25,116,1.0,116,0,16,0.0002793750027194619,0.0,0.0,0.0,0.0
bellman_ford,5,5,25,116,1.0,116,0,24,0.00042391702299937606,0.0,0.0,0.0,0.0
bellman_ford,5,5,25,116,1.0,116,0,32,0.0005975000094622374,0.0,0.0,0.0,0.0
matrix_squaring,5,5,25,116,1.0,116,0,1,2.2666004952043295e-05,0.14414516325625645,2.0814440748149066,3.1428571428571432,833.3758492555739
matrix_squaring,5,5,25,116,1.0,116,0,2,4.4666987378150225e-05,0.0,0.0,0.0,0.0
matrix_squaring,5,5,25,116,1.0,116,0,3,6.579200271517038e-05,0.0,0.0,0.0,0.0
matrix_squaring,5,5,25,116,1.0,116,0,4,8.73749959282577e-05,0.0,0.0,0.0,0.0
matrix_squaring,5,5,25,116,1.0,116,0,5,0.0001010000123642385,0.0,0.0,0.0,0.0
matrix_squaring,5,5,25,116,1.0,116,0,6,0.00011549994815140963,0.0,0.0,0.0,0.0
matrix_squaring,5,5,25,116,1.0,116,0,7,0.00013449997641146183,0.0,0.0,0.0,0.0
bellman_ford,5,5,25,116,1.0,116,1,1,2.1041021682322025e-05,0.14414516325625645,2.0814440748149066,3.1428571428571432,833.3758492555739
bellman_ford,5,5,25,116,1.0,116,1,2,4.050001734867692e-05,0.0,0.0,0.0,0.0
bellman_ford,5,5,25,116,1.0,116,1,4,7.758301217108965e-05,0.0,0.0,0.0,0.0
bellman_ford,5,5,25,116,1.0,116,1,8,0.00015300000086426735,0.0,0.0,0.0,0.0
bellman_ford,5,5,25,116,1.0,116,1,16,0.0003107920056208968,0.0,0.0,0.0,0.0
bellman_ford,5,5,25,116,1.0,116,1,24,0.0004598749801516533,0.0,0.0,0.0,0.0
bellman_ford,5,5,25,116,1.0,116,1,32,0.0006082080071792006,0.0,0.0,0.0,0.0
matrix_squaring,5,5,25,116,1.0,116,1,1,2.0249979570508003e-05,0.14414516325625645,2.0814440748149066,3.1428571428571432,833.3758492555739
matrix_squaring,5,5,25,116,1.0,116,1,2,3.991700941696763e-05,0.0,0.0,0.0,0.0
matrix_squaring,5,5,25,116,1.0,116,1,3,5.816703196614981e-05,0.0,0.0,0.0,0.0
matrix_squaring,5,5,25,116,1.0,116,1,4,7.712497608736157e-05,0.0,0.0,0.0,0.0
matrix_squaring,5,5,25,116,1.0,116,1,5,9.641703218221664e-05,0.0,0.0,0.0,0.0
matrix_squaring,5,5,25,116,1.0,116,1,6,0.00011554203229025006,0.0,0.0,0.0,0.0
matrix_squaring,5,5,25,116,1.0,116,1,7,0.0001342499745078385,0.0,0.0,0.0,0.0
bellman_ford,5,5,25,116,1.0,116,2,1,2.13750172406435e-05,0.14414516325625645,2.0814440748149066,3.1428571428571432,833.3758492555739
bellman_ford,5,5,25,116,1.0,116,2,2,3.9583013858646154e-05,0.0,0.0,0.0,0.0
bellman_ford,5,5,25,116,1.0,116,2,4,7.779203588142991e-05,0.0,0.0,0.0,0.0
bellman_ford,5,5,25,116,1.0,116,2,8,0.00015445798635482788,0.0,0.0,0.0,0.0
bellman_ford,5,5,25,116,1.0,116,2,16,0.000305499997921288,0.0,0.0,0.0,0.0
bellman_ford,5,5,25,116,1.0,116,2,24,0.0004825000069104135,0.0,0.0,0.0,0.0
bellman_ford,5,5,25,116,1.0,116,2,32,0.0006865410250611603,0.0,0.0,0.0,0.0
matrix_squaring,5,5,25,116,1.0,116,2,1,2.195802517235279e-05,0.14414516325625645,2.0814440748149066,3.1428571428571432,833.3758492555739
matrix_squaring,5,5,25,116,1.0,116,2,2,3.9624981582164764e-05,0.0,0.0,0.0,0.0
matrix_squaring,5,5,25,116,1.0,116,2,3,5.987496115267277e-05,0.0,0.0,0.0,0.0
matrix_squaring,5,5,25,116,1.0,116,2,4,8.083297871053219e-05,0.0,0.0,0.0,0.0
matrix_squaring,5,5,25,116,1.0,116,2,5,9.67920059338212e-05,0.0,0.0,0.0,0.0
matrix_squaring,5,5,25,116,1.0,116,2,6,0.00012562499614432454,0.0,0.0,0.0,0.0
matrix_squaring,5,5,25,116,1.0,116,2,7,0.00013375002890825272,0.0,0.0,0.0,0.0
bellman_ford,10,10,100,426,0.0,0,0,1,0.0012804580037482083,0.0,0.0,0.0,0.0
bellman_ford,10,10,100,426,0.0,0,0,2,0.0024053339730016887,0.0,0.0,0.0,0.0
bellman_ford,10,10,100,426,0.0,0,0,4,0.0037756250239908695,0.0,0.0,0.0,0.0
bellman_ford,10,10,100,426,0.0,0,0,8,0.006969958019908518,0.0,0.0,0.0,0.0
bellman_ford,10,10,100,426,0.0,0,0,16,0.01375879201805219,0.0,0.0,0.0,0.0
bellman_ford,10,10,100,426,0.0,0,0,24,0.019777000008616596,0.0,0.0,0.0,0.0
bellman_ford,10,10,100,426,0.0,0,0,32,0.026077624992467463,0.0,0.0,0.0,0.0
matrix_squaring,10,10,100,426,0.0,0,0,1,0.000740916992072016,0.0,0.0,0.0,0.0
matrix_squaring,10,10,100,426,0.0,0,0,2,0.0016675000078976154,0.0,0.0,0.0,0.0
matrix_squaring,10,10,100,426,0.0,0,0,3,0.002411041990853846,0.0,0.0,0.0,0.0
matrix_squaring,10,10,100,426,0.0,0,0,4,0.0031362909940071404,0.0,0.0,0.0,0.0
matrix_squaring,10,10,100,426,0.0,0,0,5,0.0038700420409440994,0.0,0.0,0.0,0.0
matrix_squaring,10,10,100,426,0.0,0,0,6,0.004669125017244369,0.0,0.0,0.0,0.0
matrix_squaring,10,10,100,426,0.0,0,0,7,0.005664874974172562,0.0,0.0,0.0,0.0
bellman_ford,10,10,100,426,0.0,0,1,1,0.0007794169941917062,0.0,0.0,0.0,0.0
bellman_ford,10,10,100,426,0.0,0,1,2,0.0015439169947057962,0.0,0.0,0.0,0.0
bellman_ford,10,10,100,426,0.0,0,1,4,0.0031828749924898148,0.0,0.0,0.0,0.0
bellman_ford,10,10,100,426,0.0,0,1,8,0.0062410410027951,0.0,0.0,0.0,0.0
bellman_ford,10,10,100,426,0.0,0,1,16,0.012598291970789433,0.0,0.0,0.0,0.0
bellman_ford,10,10,100,426,0.0,0,1,24,0.018797249998897314,0.0,0.0,0.0,0.0
bellman_ford,10,10,100,426,0.0,0,1,32,0.025528124999254942,0.0,0.0,0.0,0.0
matrix_squaring,10,10,100,426,0.0,0,1,1,0.0009052079985849559,0.0,0.0,0.0,0.0
matrix_squaring,10,10,100,426,0.0,0,1,2,0.0017179999849759042,0.0,0.0,0.0,0.0
matrix_squaring,10,10,100,426,0.0,0,1,3,0.0024007500032894313,0.0,0.0,0.0,0.0
matrix_squaring,10,10,100,426,0.0,0,1,4,0.0031677919905632734,0.0,0.0,0.0,0.0
matrix_squaring,10,10,100,426,0.0,0,1,5,0.004211499996017665,0.0,0.0,0.0,0.0
matrix_squaring,10,10,100,426,0.0,0,1,6,0.00472120800986886,0.0,0.0,0.0,0.0
matrix_squaring,10,10,100,426,0.0,0,1,7,0.005560917023103684,0.0,0.0,0.0,0.0
bellman_ford,10,10,100,426,0.0,0,2,1,0.0007757500279694796,0.0,0.0,0.0,0.0
bellman_ford,10,10,100,426,0.0,0,2,2,0.0015826660091988742,0.0,0.0,0.0,0.0
bellman_ford,10,10,100,426,0.0,0,2,4,0.0033650840050540864,0.0,0.0,0.0,0.0
bellman_ford,10,10,100,426,0.0,0,2,8,0.006387959001585841,0.0,0.0,0.0,0.0
bellman_ford,10,10,100,426,0.0,0,2,16,0.012748332985211164,0.0,0.0,0.0,0.0
bellman_ford,10,10,100,426,0.0,0,2,24,0.018958333996124566,0.0,0.0,0.0,0.0
bellman_ford,10,10,100,426,0.0,0,2,32,0.025358041981235147,0.0,0.0,0.0,0.0
matrix_squaring,10,10,100,426,0.0,0,2,1,0.000842957990244031,0.0,0.0,0.0,0.0
matrix_squaring,10,10,100,426,0.0,0,2,2,0.0015626249951310456,0.0,0.0,0.0,0.0
matrix_squaring,10,10,100,426,0.0,0,2,3,0.0023242909810505807,0.0,0.0,0.0,0.0
matrix_squaring,10,10,100,426,0.0,0,2,4,0.0030912079964764416,0.0,0.0,0.0,0.0
matrix_squaring,10,10,100,426,0.0,0,2,5,0.0039735829923301935,0.0,0.0,0.0,0.0
matrix_squaring,10,10,100,426,0.0,0,2,6,0.004735333030112088,0.0,0.0,0.0,0.0
matrix_squaring,10,10,100,426,0.0,0,2,7,0.005637875001411885,0.0,0.0,0.0,0.0
bellman_ford,10,10,100,426,0.25,106,0,1,0.0007696670363657176,1.0428423052846332,2.4638035098673354,3.6748742994313,2673.8588419036478
bellman_ford,10,10,100,426,0.25,106,0,2,0.0016751669463701546,0.7151201837460114,1.8902053948774304,2.9320210901753945,2432.0939809988404
bellman_ford,10,10,100,426,0.25,106,0,4,0.003329833038151264,0.3129119756387128,1.1452106169696576,1.9896162426573103,1672.5533895008089
bellman_ford,10,10,100,426,0.25,106,0,8,0.006382332998327911,0.04331451407833452,0.3226873784717219,0.9319122800476398,994.2961079627144
bellman_ford,10,10,100,426,0.25,106,0,16,0.012572625011671335,9.253212851016653e-05,1.7758988713070264e-16,0.10870065139540538,159.55408647400714
bellman_ford,10,10,100,426,0.25,106,0,24,0.019171916996128857,2.952099386780717e-17,1.7758988713070264e-16,3.9330267577756246e-16,4.547473508864641e-13
bellman_ford,10,10,100,426,0.25,106,0,32,0.025332209013868123,2.952099386780717e-17,1.7758988713070264e-16,3.9330267577756246e-16,4.547473508864641e-13
matrix_squaring,10,10,100,426,0.25,106,0,1,0.0008402909734286368,1.0428423052846332,2.4638035098673354,3.6748742994313,2673.8588419036478
matrix_squaring,10,10,100,426,0.25,106,0,2,0.001537167001515627,0.47720881601334936,1.473017241752783,2.3404779300586602,2068.6198243804306
matrix_squaring,10,10,100,426,0.25,106,0,3,0.002299999992828816,0.07556041768746566,0.4853182515673786,1.1698547123901981,1071.6493757865603
matrix_squaring,10,10,100,426,0.25,106,0,4,0.0032227920019067824,0.00026791454781414556,2.051703701338902e-16,0.1135349538702654,159.55408647400714
matrix_squaring,10,10,100,426,0.25,106,0,5,0.003852208028547466,5.5307856794240805e-17,2.0942660151708772e-16,4.066388665797339e-16,4.547473508864641e-13
matrix_squaring,10,10,100,426,0.25,106,0,6,0.004772957996465266,5.762168846863925e-17,2.1081179301555422e-16,4.066388665797339e-16,4.547473508864641e-13
matrix_squaring,10,10,100,426,0.25,106,0,7,0.005418459011707455,5.889249586150851e-17,2.15271451646183e-16,5.232890266453062e-16,6.821210263296962e-13
bellman_ford,10,10,100,426,0.25,106,1,1,0.0008618339779786766,0.8278807353221325,1.9446092994742115,3.535714285714286,2555.9926800574276
bellman_ford,10,10,100,426,0.25,106,1,2,0.00162491702940315,0.5279096913952099,1.311572794902752,2.8087417837270947,2144.4714963503866
bellman_ford,10,10,100,426,0.25,106,1,4,0.0031235830392688513,0.1956383182494332,0.6699157166959939,1.859997652992155,1467.3044206841457
bellman_ford,10,10,100,426,0.25,106,1,8,0.006428458029404283,0.01317060837634567,0.11189701431195749,0.36036335043384166,587.5547548942839
bellman_ford,10,10,100,426,0.25,106,1,16,0.012638833024539053,2.850125099995516e-17,1.7959120634364157e-16,3.9605368140078655e-16,4.547473508864641e-13
bellman_ford,10,10,100,426,0.25,106,1,24,0.019106665975414217,2.850125099995516e-17,1.7959120634364157e-16,3.9605368140078655e-16,4.547473508864641e-13
bellman_ford,10,10,100,426,0.25,106,1,32,0.025652333977632225,2.850125099995516e-17,1.7959120634364157e-16,3.9605368140078655e-16,4.547473508864641e-13
matrix_squaring,10,10,100,426,0.25,106,1,1,0.0007601670222356915,0.8278807353221325,1.9446092994742115,3.535714285714286,2555.9926800574276
matrix_squaring,10,10,100,426,0.25,106,1,2,0.0015259999781847,0.3264417744341465,0.9227210054043301,2.350968138557316,1806.1966143614443
matrix_squaring,10,10,100,426,0.25,106,1,3,0.002411791996564716,0.029294687080594902,0.20987518473077316,0.4780249436568546,795.540223780253
matrix_squaring,10,10,100,426,0.25,106,1,4,0.003180541971232742,4.219026430887943e-17,1.992648899252187e-16,3.8482307229392956e-16,4.547473508864641e-13
matrix_squaring,10,10,100,426,0.25,106,1,5,0.003853374975733459,4.949660409679295e-17,2.0115527673226367e-16,3.8482307229392956e-16,4.547473508864641e-13
matrix_squaring,10,10,100,426,0.25,106,1,6,0.004834874998778105,5.3313577086502083e-17,2.0587036040733502e-16,3.8482307229392956e-16,4.547473508864641e-13
matrix_squaring,10,10,100,426,0.25,106,1,7,0.005645291996188462,5.412114744001387e-17,2.0587036040733502e-16,3.8482307229392956e-16,4.547473508864641e-13
bellman_ford,10,10,100,426,0.25,106,2,1,0.000764083000831306,1.0676638393220197,2.490915876560341,3.535714285714286,2614.8372374929095
bellman_ford,10,10,100,426,0.25,106,2,2,0.0015502500464208424,0.7166288939505133,1.8187190734444023,2.970718876828468,2343.7056333505216
bellman_ford,10,10,100,426,0.25,106,2,4,0.0033355840132571757,0.30500113503339,1.0222078484552128,1.9998667696463865,1729.733728156501
bellman_ford,10,10,100,426,0.25,106,2,8,0.006637041980866343,0.03116198821274679,0.21238426988720654,0.8634830012156427,798.4201887976451
bellman_ford,10,10,100,426,0.25,106,2,16,0.012794708018191159,3.0467052372913996e-17,1.883625201904101e-16,4.1885320303417535e-16,4.547473508864641e-13
bellman_ford,10,10,100,426,0.25,106,2,24,0.019422875018790364,3.0467052372913996e-17,1.883625201904101e-16,4.1885320303417535e-16,4.547473508864641e-13
bellman_ford,10,10,100,426,0.25,106,2,32,0.026139541005250067,3.0467052372913996e-17,1.883625201904101e-16,4.1885320303417535e-16,4.547473508864641e-13
matrix_squaring,10,10,100,426,0.25,106,2,1,0.0010311250225640833,1.0676638393220197,2.490915876560341,3.535714285714286,2614.8372374929095
matrix_squaring,10,10,100,426,0.25,106,2,2,0.0016238749958574772,0.4732991337785046,1.3520252001876096,2.4606605640720676,1935.2287252436086
matrix_squaring,10,10,100,426,0.25,106,2,3,0.0022938749752938747,0.060877487066818343,0.36750898350101957,1.1286052793930423,1033.8626928294657
matrix_squaring,10,10,100,426,0.25,106,2,4,0.003166083013638854,4.794617645829189e-17,2.0942660151708772e-16,4.1885320303417535e-16,4.547473508864641e-13
matrix_squaring,10,10,100,426,0.25,106,2,5,0.004072165989782661,5.2402916648515646e-17,2.0942660151708772e-16,4.1885320303417535e-16,4.547473508864641e-13
matrix_squaring,10,10,100,426,0.25,106,2,6,0.004833707993384451,5.4011257640436695e-17,2.0942660151708772e-16,4.1885320303417535e-16,4.547473508864641e-13
matrix_squaring,10,10,100,426,0.25,106,2,7,0.007058416027575731,5.411414527642817e-17,2.0942660151708772e-16,4.1885320303417535e-16,4.547473508864641e-13
bellman_ford,10,10,100,426,0.5,213,0,1,0.0009637080365791917,2.0550774441621873,3.3637522289711694,4.040816326530611,2941.5760388357608
bellman_ford,10,10,100,426,0.5,213,0,2,0.0016285000019706786,1.3324843704562652,2.680684405487076,3.3673469387755097,2525.6051010638216
bellman_ford,10,10,100,426,0.5,213,0,4,0.0030913750524632633,0.4608872718781675,1.6019679318884037,2.1988232083912242,1823.0309427979091
bellman_ford,10,10,100,426,0.5,213,0,8,0.006381167040672153,0.006617133880701685,1.9680408068668445e-16,0.6590118083299276,589.2857142857143
bellman_ford,10,10,100,426,0.5,213,0,16,0.012930124998092651,2.0675932425085112e-17,1.7068727421438656e-16,2.5115002692054685e-16,1.1368683772161603e-13
bellman_ford,10,10,100,426,0.5,213,0,24,0.019044207991100848,2.0675932425085112e-17,1.7068727421438656e-16,2.5115002692054685e-16,1.1368683772161603e-13
bellman_ford,10,10,100,426,0.5,213,0,32,0.027822916978038847,2.0675932425085112e-17,1.7068727421438656e-16,2.5115002692054685e-16,1.1368683772161603e-13
matrix_squaring,10,10,100,426,0.5,213,0,1,0.0008030000026337802,2.0550774441621873,3.3637522289711694,4.040816326530611,2941.5760388357608
matrix_squaring,10,10,100,426,0.5,213,0,2,0.0017883750260807574,0.819045755116347,2.1003051675628703,2.752154415548771,2108.9171764360344
matrix_squaring,10,10,100,426,0.5,213,0,3,0.003039583971258253,0.02816491166281841,0.2733869284263942,0.9887827489874732,844.5099483101554
matrix_squaring,10,10,100,426,0.5,213,0,4,0.003466541995294392,2.4793088675354308e-17,1.734802661581363e-16,3.167513871494416e-16,2.2737367544323206e-13
matrix_squaring,10,10,100,426,0.5,213,0,5,0.004071375005878508,2.4899324103600984e-17,1.734802661581363e-16,3.167513871494416e-16,2.2737367544323206e-13
matrix_squaring,10,10,100,426,0.5,213,0,6,0.004936542012728751,2.4899324103600984e-17,1.734802661581363e-16,3.167513871494416e-16,2.2737367544323206e-13
matrix_squaring,10,10,100,426,0.5,213,0,7,0.005755333986598998,2.4899324103600984e-17,1.734802661581363e-16,3.167513871494416e-16,2.2737367544323206e-13
bellman_ford,10,10,100,426,0.5,213,1,1,0.0008185419719666243,2.242783366443285,3.3912956213787253,3.920971101476357,2968.8156044602765
bellman_ford,10,10,100,426,0.5,213,1,2,0.0016322080045938492,1.4644613708882235,2.765360388017819,3.2194700685796698,2590.029406088219
bellman_ford,10,10,100,426,0.5,213,1,4,0.0033759999787434936,0.51911398803428,1.7740451271719302,2.387876719138863,1870.7766942041721
bellman_ford,10,10,100,426,0.5,213,1,8,0.006496165995486081,0.00755717384281714,1.9680408068668445e-16,0.7232209670224675,662.5090189890776
bellman_ford,10,10,100,426,0.5,213,1,16,0.013316625030711293,2.1306588893127902e-17,1.7758988713070262e-16,2.5115002692054685e-16,1.1368683772161603e-13
bellman_ford,10,10,100,426,0.5,213,1,24,0.019838582957163453,2.1306588893127902e-17,1.7758988713070262e-16,2.5115002692054685e-16,1.1368683772161603e-13
bellman_ford,10,10,100,426,0.5,213,1,32,0.026189958967734128,2.1306588893127902e-17,1.7758988713070262e-16,2.5115002692054685e-16,1.1368683772161603e-13
matrix_squaring,10,10,100,426,0.5,213,1,1,0.0008617080166004598,2.242783366443285,3.3912956213787253,3.920971101476357,2968.8156044602765
matrix_squaring,10,10,100,426,0.5,213,1,2,0.0016856250003911555,0.9094381137016564,2.242758556971816,2.7793271121007708,2211.7098413074214
matrix_squaring,10,10,100,426,0.5,213,1,3,0.0025306669995188713,0.03493201614913227,0.33335396551850527,1.0560977163868779,833.375849255574
matrix_squaring,10,10,100,426,0.5,213,1,4,0.0033223339705727994,1.7779773936869485e-17,1.5604462101128763e-16,2.511500269205468e-16,1.1368683772161603e-13
matrix_squaring,10,10,100,426,0.5,213,1,5,0.00417133403243497,1.7812985809926602e-17,1.5604462101128763e-16,2.511500269205468e-16,1.1368683772161603e-13
matrix_squaring,10,10,100,426,0.5,213,1,6,0.0047871669521555305,1.7812985809926602e-17,1.5604462101128763e-16,2.511500269205468e-16,1.1368683772161603e-13
matrix_squaring,10,10,100,426,0.5,213,1,7,0.0057127499603666365,1.7812985809926602e-17,1.5604462101128763e-16,2.511500269205468e-16,1.1368683772161603e-13
bellman_ford,10,10,100,426,0.5,213,2,1,0.0008835829794406891,2.129403906682377,3.338250857659647,3.920971101476357,2983.6489140412536
bellman_ford,10,10,100,426,0.5,213,2,2,0.0015881669824011624,1.3893125862052491,2.6948343141710205,3.2518148168967462,2538.252710791582
bellman_ford,10,10,100,426,0.5,213,2,4,0.0032760000322014093,0.49278627982970435,1.6532259440552795,2.1946109823536424,1921.827970787253
bellman_ford,10,10,100,426,0.5,213,2,8,0.006663041014689952,0.009608105912463414,2.2068041936953264e-16,0.8228904719044617,744.9875016072555
bellman_ford,10,10,100,426,0.5,213,2,16,0.013285666995216161,2.1143254617168326e-17,1.7358908065529092e-16,2.5115002692054685e-16,1.1368683772161603e-13
bellman_ford,10,10,100,426,0.5,213,2,24,0.02017412503482774,2.1143254617168326e-17,1.7358908065529092e-16,2.5115002692054685e-16,1.1368683772161603e-13
bellman_ford,10,10,100,426,0.5,213,2,32,0.025352625001687557,2.1143254617168326e-17,1.7358908065529092e-16,2.5115002692054685e-16,1.1368683772161603e-13
matrix_squaring,10,10,100,426,0.5,213,2,1,0.0007766250055283308,2.129403906682377,3.338250857659647,3.920971101476357,2983.6489140412536
matrix_squaring,10,10,100,426,0.5,213,2,2,0.001576665963511914,0.8623383000940231,2.140347128604929,2.664508359679123,2265.292590711677
matrix_squaring,10,10,100,426,0.5,213,2,3,0.0023429589928127825,0.03625118549668422,0.33833377371628737,1.0604218904375036,960.0318411493266
matrix_squaring,10,10,100,426,0.5,213,2,4,0.0032602910068817437,2.1057927626111835e-17,1.6698819340126035e-16,2.955991442164253e-16,2.2737367544323206e-13
matrix_squaring,10,10,100,426,0.5,213,2,5,0.0042866659932769835,2.1057927626111835e-17,1.6698819340126035e-16,2.955991442164253e-16,2.2737367544323206e-13
matrix_squaring,10,10,100,426,0.5,213,2,6,0.004803624993655831,2.1057927626111835e-17,1.6698819340126035e-16,2.955991442164253e-16,2.2737367544323206e-13
matrix_squaring,10,10,100,426,0.5,213,2,7,0.005393249972257763,2.1057927626111835e-17,1.6698819340126035e-16,2.955991442164253e-16,2.2737367544323206e-13
bellman_ford,10,10,100,426,0.75,320,0,1,0.0007598329684697092,2.382745658748203,3.6207055410024545,4.040816326530613,2891.3379190974088
bellman_ford,10,10,100,426,0.75,320,0,2,0.0016701669665053487,1.4562250317753558,2.913893861164019,3.36734693877551,2500.127547766722
bellman_ford,10,10,100,426,0.75,320,0,4,0.003163042012602091,0.4111714188526908,1.70432780106429,2.2709274495489327,1666.7516985111479
bellman_ford,10,10,100,426,0.75,320,0,8,0.006314166006632149,4.36003622231164e-06,1.3319241534802698e-16,0.02158217930039164,15.165042944955417
bellman_ford,10,10,100,426,0.75,320,0,16,0.01262716599740088,1.0313209315999506e-17,1.3319241534802698e-16,2.5115002692054685e-16,1.1368683772161603e-13
bellman_ford,10,10,100,426,0.75,320,0,24,0.018422749999444932,1.0313209315999506e-17,1.3319241534802698e-16,2.5115002692054685e-16,1.1368683772161603e-13
bellman_ford,10,10,100,426,0.75,320,0,32,0.025368958013132215,1.0313209315999506e-17,1.3319241534802698e-16,2.5115002692054685e-16,1.1368683772161603e-13
matrix_squaring,10,10,100,426,0.75,320,0,1,0.0007397910230793059,2.382745658748203,3.6207055410024545,4.040816326530613,2891.3379190974088
matrix_squaring,10,10,100,426,0.75,320,0,2,0.0014871670282445848,0.8230111160091739,2.284916826235141,2.8514101192202785,2083.4396231389346
matrix_squaring,10,10,100,426,0.75,320,0,3,0.0023648329661227763,0.004280125016692049,1.734802661581363e-16,0.9023129168494358,647.7073586016064
matrix_squaring,10,10,100,426,0.75,320,0,4,0.00317708303919062,1.514850630202906e-17,1.5604462101128763e-16,3.529572988497269e-16,2.2737367544323206e-13
matrix_squaring,10,10,100,426,0.75,320,0,5,0.003881332988385111,1.514850630202906e-17,1.5604462101128763e-16,3.529572988497269e-16,2.2737367544323206e-13
matrix_squaring,10,10,100,426,0.75,320,0,6,0.0048505839658901095,1.514850630202906e-17,1.5604462101128763e-16,3.529572988497269e-16,2.2737367544323206e-13
matrix_squaring,10,10,100,426,0.75,320,0,7,0.0054004580015316606,1.514850630202906e-17,1.5604462101128763e-16,3.529572988497269e-16,2.2737367544323206e-13
bellman_ford,10,10,100,426,0.75,320,1,1,0.0007636250229552388,2.41975216532604,3.6300947445810814,4.040816326530613,2916.815472394509
bellman_ford,10,10,100,426,0.75,320,1,2,0.001522374979685992,1.4794070754100956,2.9202605625607587,3.36734693877551,2363.801929953308
bellman_ford,10,10,100,426,0.75,320,1,4,0.0032107079750858247,0.41579672685364316,1.7158162874863734,2.301303862105698,1655.7061242909704
bellman_ford,10,10,100,426,0.75,320,1,8,0.0059969169669784606,5.5548937762849e-05,1.161784720327732e-16,0.1316517250179821,102.73180189083689
bellman_ford,10,10,100,426,0.75,320,1,16,0.012519208947196603,9.354407888192315e-18,1.161784720327732e-16,2.5115002692054685e-16,1.1368683772161603e-13
bellman_ford,10,10,100,426,0.75,320,1,24,0.019069084024522454,9.354407888192315e-18,1.161784720327732e-16,2.5115002692054685e-16,1.1368683772161603e-13
bellman_ford,10,10,100,426,0.75,320,1,32,0.02501187496818602,9.354407888192315e-18,1.161784720327732e-16,2.5115002692054685e-16,1.1368683772161603e-13
matrix_squaring,10,10,100,426,0.75,320,1,1,0.0007648749742656946,2.41975216532604,3.6300947445810814,4.040816326530613,2916.815472394509
matrix_squaring,10,10,100,426,0.75,320,1,2,0.001521041034720838,0.8331206208723954,2.2877550499818318,2.801382255952703,2010.2163184355713
matrix_squaring,10,10,100,426,0.75,320,1,3,0.002273332967888564,0.004705635086152768,1.5837569357472083e-16,0.9205215448422794,614.7632675828143
matrix_squaring,10,10,100,426,0.75,320,1,4,0.0032664590398781,1.3548499266747276e-17,1.4988916595131338e-16,3.529572988497269e-16,2.2737367544323206e-13
matrix_squaring,10,10,100,426,0.75,320,1,5,0.004172207962255925,1.3548499266747276e-17,1.4988916595131338e-16,3.529572988497269e-16,2.2737367544323206e-13
matrix_squaring,10,10,100,426,0.75,320,1,6,0.004794291977304965,1.3548499266747276e-17,1.4988916595131338e-16,3.529572988497269e-16,2.2737367544323206e-13
matrix_squaring,10,10,100,426,0.75,320,1,7,0.005375584005378187,1.3548499266747276e-17,1.4988916595131338e-16,3.529572988497269e-16,2.2737367544323206e-13
bellman_ford,10,10,100,426,0.75,320,2,1,0.0009017920237965882,2.442486007859758,3.6300947445810814,4.125,2916.0984855386605
bellman_ford,10,10,100,426,0.75,320,2,2,0.0019427920342423022,1.4978694012734055,2.9398994395450395,3.535714285714286,2500.1275477667214
bellman_ford,10,10,100,426,0.75,320,2,4,0.003654250002000481,0.426788670732343,1.7158162874863734,2.398291025842782,1666.7516985111477
bellman_ford,10,10,100,426,0.75,320,2,8,0.006805917015299201,8.289867895696723e-18,1.1277763706740077e-16,2.5115002692054685e-16,1.1368683772161603e-13
bellman_ford,10,10,100,426,0.75,320,2,16,0.012086625036317855,8.289867895696723e-18,1.1277763706740077e-16,2.5115002692054685e-16,1.1368683772161603e-13
bellman_ford,10,10,100,426,0.75,320,2,24,0.01884595799492672,8.289867895696723e-18,1.1277763706740077e-16,2.5115002692054685e-16,1.1368683772161603e-13
bellman_ford,10,10,100,426,0.75,320,2,32,0.02515437500551343,8.289867895696723e-18,1.1277763706740077e-16,2.5115002692054685e-16,1.1368683772161603e-13
matrix_squaring,10,10,100,426,0.75,320,2,1,0.0007415000000037253,2.442486007859758,3.6300947445810814,4.125,2916.0984855386605
matrix_squaring,10,10,100,426,0.75,320,2,2,0.0016018750029616058,0.8477051533697277,2.2899220871995873,2.9464285714285716,2083.4396231389346
matrix_squaring,10,10,100,426,0.75,320,2,3,0.0022678750101476908,0.005791923097923368,1.3319241534802698e-16,0.9593164103371129,625.8973666373959
matrix_squaring,10,10,100,426,0.75,320,2,4,0.0033807919826358557,1.048993767318664e-17,1.2862197421537483e-16,3.529572988497269e-16,2.2737367544323206e-13
matrix_squaring,10,10,100,426,0.75,320,2,5,0.0039344580145552754,1.048993767318664e-17,1.2862197421537483e-16,3.529572988497269e-16,2.2737367544323206e-13
matrix_squaring,10,10,100,426,0.75,320,2,6,0.004589124990161508,1.048993767318664e-17,1.2862197421537483e-16,3.529572988497269e-16,2.2737367544323206e-13
matrix_squaring,10,10,100,426,0.75,320,2,7,0.005294458009302616,1.048993767318664e-17,1.2862197421537483e-16,3.529572988497269e-16,2.2737367544323206e-13
bellman_ford,10,10,100,426,1.0,426,0,1,0.000840499997138977,2.4732638805759612,3.7341875949864196,4.040816326530613,2916.8154723945086
bellman_ford,10,10,100,426,1.0,426,0,2,0.0014960829867050052,1.4606049418353226,2.9464285714285716,3.36734693877551,2310.410699307885
bellman_ford,10,10,100,426,1.0,426,0,4,0.003049833991099149,0.3550679920364736,1.665634998604494,2.140354944883484,1483.5267960664303
bellman_ford,10,10,100,426,1.0,426,0,8,0.006214999943040311,2.6410447069152794e-19,0.0,2.1436995702562476e-16,1.1368683772161603e-13
bellman_ford,10,10,100,426,1.0,426,0,16,0.01246812497265637,2.6410447069152794e-19,0.0,2.1436995702562476e-16,1.1368683772161603e-13
bellman_ford,10,10,100,426,1.0,426,0,24,0.018963207956403494,2.6410447069152794e-19,0.0,2.1436995702562476e-16,1.1368683772161603e-13
bellman_ford,10,10,100,426,1.0,426,0,32,0.024672916973941028,2.6410447069152794e-19,0.0,2.1436995702562476e-16,1.1368683772161603e-13
matrix_squaring,10,10,100,426,1.0,426,0,1,0.0008430419838987291,2.4732638805759612,3.7341875949864196,4.040816326530613,2916.8154723945086
matrix_squaring,10,10,100,426,1.0,426,0,2,0.0015334170311689377,0.7817393290296437,2.290365379909966,2.7462214791919397,1896.2542475012722
matrix_squaring,10,10,100,426,1.0,426,0,3,0.002316540980245918,9.856618138057511e-18,1.126857961019554e-16,2.8582660936749963e-16,2.2737367544323206e-13
matrix_squaring,10,10,100,426,1.0,426,0,4,0.0031077919993549585,9.92028722234272e-18,1.126857961019554e-16,2.8582660936749963e-16,2.2737367544323206e-13
matrix_squaring,10,10,100,426,1.0,426,0,5,0.0038509999867528677,9.92028722234272e-18,1.126857961019554e-16,2.8582660936749963e-16,2.2737367544323206e-13
matrix_squaring,10,10,100,426,1.0,426,0,6,0.004578290972858667,9.92028722234272e-18,1.126857961019554e-16,2.8582660936749963e-16,2.2737367544323206e-13
matrix_squaring,10,10,100,426,1.0,426,0,7,0.005303792015183717,9.92028722234272e-18,1.126857961019554e-16,2.8582660936749963e-16,2.2737367544323206e-13
bellman_ford,10,10,100,426,1.0,426,1,1,0.0008829160360619426,2.4732638805759612,3.7341875949864196,4.040816326530613,2916.8154723945086
bellman_ford,10,10,100,426,1.0,426,1,2,0.0017292080447077751,1.4606049418353226,2.9464285714285716,3.36734693877551,2310.410699307885
bellman_ford,10,10,100,426,1.0,426,1,4,0.003373833023943007,0.3550679920364736,1.665634998604494,2.140354944883484,1483.5267960664303
bellman_ford,10,10,100,426,1.0,426,1,8,0.006861875008326024,2.6410447069152794e-19,0.0,2.1436995702562476e-16,1.1368683772161603e-13
bellman_ford,10,10,100,426,1.0,426,1,16,0.012257416034117341,2.6410447069152794e-19,0.0,2.1436995702562476e-16,1.1368683772161603e-13
bellman_ford,10,10,100,426,1.0,426,1,24,0.018544958031270653,2.6410447069152794e-19,0.0,2.1436995702562476e-16,1.1368683772161603e-13
bellman_ford,10,10,100,426,1.0,426,1,32,0.02528591698501259,2.6410447069152794e-19,0.0,2.1436995702562476e-16,1.1368683772161603e-13
matrix_squaring,10,10,100,426,1.0,426,1,1,0.0007862499915063381,2.4732638805759612,3.7341875949864196,4.040816326530613,2916.8154723945086
matrix_squaring,10,10,100,426,1.0,426,1,2,0.0015301249804906547,0.7817393290296437,2.290365379909966,2.7462214791919397,1896.2542475012722
matrix_squaring,10,10,100,426,1.0,426,1,3,0.0022907499806024134,9.856618138057511e-18,1.126857961019554e-16,2.8582660936749963e-16,2.2737367544323206e-13
matrix_squaring,10,10,100,426,1.0,426,1,4,0.0031488329987041652,9.92028722234272e-18,1.126857961019554e-16,2.8582660936749963e-16,2.2737367544323206e-13
matrix_squaring,10,10,100,426,1.0,426,1,5,0.0038343750056810677,9.92028722234272e-18,1.126857961019554e-16,2.8582660936749963e-16,2.2737367544323206e-13
matrix_squaring,10,10,100,426,1.0,426,1,6,0.004585166985634714,9.92028722234272e-18,1.126857961019554e-16,2.8582660936749963e-16,2.2737367544323206e-13
matrix_squaring,10,10,100,426,1.0,426,1,7,0.005535874981433153,9.92028722234272e-18,1.126857961019554e-16,2.8582660936749963e-16,2.2737367544323206e-13
bellman_ford,10,10,100,426,1.0,426,2,1,0.0008465420105494559,2.4732638805759612,3.7341875949864196,4.040816326530613,2916.8154723945086
bellman_ford,10,10,100,426,1.0,426,2,2,0.001610417035408318,1.4606049418353226,2.9464285714285716,3.36734693877551,2310.410699307885
bellman_ford,10,10,100,426,1.0,426,2,4,0.003113083017524332,0.3550679920364736,1.665634998604494,2.140354944883484,1483.5267960664303
bellman_ford,10,10,100,426,1.0,426,2,8,0.006306708964984864,2.6410447069152794e-19,0.0,2.1436995702562476e-16,1.1368683772161603e-13
bellman_ford,10,10,100,426,1.0,426,2,16,0.012252082990016788,2.6410447069152794e-19,0.0,2.1436995702562476e-16,1.1368683772161603e-13
bellman_ford,10,10,100,426,1.0,426,2,24,0.0185034170281142,2.6410447069152794e-19,0.0,2.1436995702562476e-16,1.1368683772161603e-13
bellman_ford,10,10,100,426,1.0,426,2,32,0.02477470797020942,2.6410447069152794e-19,0.0,2.1436995702562476e-16,1.1368683772161603e-13
matrix_squaring,10,10,100,426,1.0,426,2,1,0.0007826659712009132,2.4732638805759612,3.7341875949864196,4.040816326530613,2916.8154723945086
matrix_squaring,10,10,100,426,1.0,426,2,2,0.0014878750080242753,0.7817393290296437,2.290365379909966,2.7462214791919397,1896.2542475012722
matrix_squaring,10,10,100,426,1.0,426,2,3,0.0023001250228844583,9.856618138057511e-18,1.126857961019554e-16,2.8582660936749963e-16,2.2737367544323206e-13
matrix_squaring,10,10,100,426,1.0,426,2,4,0.0031450000242330134,9.92028722234272e-18,1.126857961019554e-16,2.8582660936749963e-16,2.2737367544323206e-13
matrix_squaring,10,10,100,426,1.0,426,2,5,0.0037902920157648623,9.92028722234272e-18,1.126857961019554e-16,2.8582660936749963e-16,2.2737367544323206e-13
matrix_squaring,10,10,100,426,1.0,426,2,6,0.00462716695619747,9.92028722234272e-18,1.126857961019554e-16,2.8582660936749963e-16,2.2737367544323206e-13
matrix_squaring,10,10,100,426,1.0,426,2,7,0.0054004580015316606,9.92028722234272e-18,1.126857961019554e-16,2.8582660936749963e-16,2.2737367544323206e-13
bellman_ford,15,15,225,936,0.0,0,0,1,0.013026041036937386,1.4408661484131557e-18,0.0,2.1221543041368328e-16,9.094947017729282e-13
bellman_ford,15,15,225,936,0.0,0,0,2,0.02078758302377537,6.829538969357154e-19,0.0,1.9589116653570765e-16,9.094947017729282e-13
bellman_ford,15,15,225,936,0.0,0,0,4,0.043699041998479515,0.0,0.0,0.0,0.0
bellman_ford,15,15,225,936,0.0,0,0,8,0.08498074999079108,0.0,0.0,0.0,0.0
bellman_ford,15,15,225,936,0.0,0,0,16,0.16726437502074987,0.0,0.0,0.0,0.0
bellman_ford,15,15,225,936,0.0,0,0,24,0.25122604198986664,0.0,0.0,0.0,0.0
bellman_ford,15,15,225,936,0.0,0,0,32,0.3334100419888273,0.0,0.0,0.0,0.0
matrix_squaring,15,15,225,936,0.0,0,0,1,0.010454542003571987,1.4408661484131557e-18,0.0,2.1221543041368328e-16,9.094947017729282e-13
matrix_squaring,15,15,225,936,0.0,0,0,2,0.0206241249688901,6.829538969357154e-19,0.0,1.9589116653570765e-16,9.094947017729282e-13
matrix_squaring,15,15,225,936,0.0,0,0,3,0.030828165996354073,2.1654635756498298e-19,0.0,1.8189894035458568e-16,9.094947017729282e-13
matrix_squaring,15,15,225,936,0.0,0,0,4,0.04183729097712785,0.0,0.0,0.0,0.0
matrix_squaring,15,15,225,936,0.0,0,0,5,0.05255758302519098,0.0,0.0,0.0,0.0
matrix_squaring,15,15,225,936,0.0,0,0,6,0.07008149998728186,0.0,0.0,0.0,0.0
matrix_squaring,15,15,225,936,0.0,0,0,7,0.08119154098676518,0.0,0.0,0.0,0.0
bellman_ford,15,15,225,936,0.0,0,1,1,0.011151624959893525,1.4408661484131557e-18,0.0,2.1221543041368328e-16,9.094947017729282e-13
bellman_ford,15,15,225,936,0.0,0,1,2,0.022280916979070753,6.829538969357154e-19,0.0,1.9589116653570765e-16,9.094947017729282e-13
bellman_ford,15,15,225,936,0.0,0,1,4,0.042897375009488314,0.0,0.0,0.0,0.0
bellman_ford,15,15,225,936,0.0,0,1,8,0.09287604200653732,0.0,0.0,0.0,0.0
bellman_ford,15,15,225,936,0.0,0,1,16,0.1783901249873452,0.0,0.0,0.0,0.0
bellman_ford,15,15,225,936,0.0,0,1,24,0.2937166659976356,0.0,0.0,0.0,0.0
bellman_ford,15,15,225,936,0.0,0,1,32,0.33471591700799763,0.0,0.0,0.0,0.0
matrix_squaring,15,15,225,936,0.0,0,1,1,0.010409500042442232,1.4408661484131557e-18,0.0,2.1221543041368328e-16,9.094947017729282e-13
matrix_squaring,15,15,225,936,0.0,0,1,2,0.020920333976391703,6.829538969357154e-19,0.0,1.9589116653570765e-16,9.094947017729282e-13
matrix_squaring,15,15,225,936,0.0,0,1,3,0.03126074996544048,2.1654635756498298e-19,0.0,1.8189894035458568e-16,9.094947017729282e-13
matrix_squaring,15,15,225,936,0.0,0,1,4,0.049039167002774775,0.0,0.0,0.0,0.0
matrix_squaring,15,15,225,936,0.0,0,1,5,0.062489875010214746,0.0,0.0,0.0,0.0
matrix_squaring,15,15,225,936,0.0,0,1,6,0.07723645900841802,0.0,0.0,0.0,0.0
matrix_squaring,15,15,225,936,0.0,0,1,7,0.07848712499253452,0.0,0.0,0.0,0.0
bellman_ford,15,15,225,936,0.0,0,2,1,0.010658750019501895,1.4408661484131557e-18,0.0,2.1221543041368328e-16,9.094947017729282e-13
bellman_ford,15,15,225,936,0.0,0,2,2,0.020525540981907398,6.829538969357154e-19,0.0,1.9589116653570765e-16,9.094947017729282e-13
bellman_ford,15,15,225,936,0.0,0,2,4,0.042292458994779736,0.0,0.0,0.0,0.0
bellman_ford,15,15,225,936,0.0,0,2,8,0.08934866695199162,0.0,0.0,0.0,0.0
bellman_ford,15,15,225,936,0.0,0,2,16,0.1861694169929251,0.0,0.0,0.0,0.0
bellman_ford,15,15,225,936,0.0,0,2,24,0.2901154580176808,0.0,0.0,0.0,0.0
bellman_ford,15,15,225,936,0.0,0,2,32,0.366689958027564,0.0,0.0,0.0,0.0
matrix_squaring,15,15,225,936,0.0,0,2,1,0.010439083038363606,1.4408661484131557e-18,0.0,2.1221543041368328e-16,9.094947017729282e-13
matrix_squaring,15,15,225,936,0.0,0,2,2,0.021432500041555613,6.829538969357154e-19,0.0,1.9589116653570765e-16,9.094947017729282e-13
matrix_squaring,15,15,225,936,0.0,0,2,3,0.034968750027474016,2.1654635756498298e-19,0.0,1.8189894035458568e-16,9.094947017729282e-13
matrix_squaring,15,15,225,936,0.0,0,2,4,0.04781766596715897,0.0,0.0,0.0,0.0
matrix_squaring,15,15,225,936,0.0,0,2,5,0.06437287497101352,0.0,0.0,0.0,0.0
matrix_squaring,15,15,225,936,0.0,0,2,6,0.07483429100830108,0.0,0.0,0.0,0.0
matrix_squaring,15,15,225,936,0.0,0,2,7,0.07567162503255531,0.0,0.0,0.0,0.0
bellman_ford,15,15,225,936,0.25,234,0,1,0.010610374971292913,1.3970759670158817,2.5816457908411543,3.9453182918153673,4747.118671000435
bellman_ford,15,15,225,936,0.25,234,0,2,0.020976208965294063,1.1119467718089675,2.16530832007868,3.412982222458247,4367.481022123855
bellman_ford,15,15,225,936,0.25,234,0,4,0.04028679203474894,0.6920880969257844,1.6168848080441411,2.5878974895337885,3660.2589499112073
bellman_ford,15,15,225,936,0.25,234,0,8,0.08139004098484293,0.2192129095326741,0.801151357025151,1.4897095766459054,2361.476015494946
bellman_ford,15,15,225,936,0.25,234,0,16,0.17055562499444932,0.006124601727140423,0.05666057524089581,0.32767847596305116,522.7073586016068
bellman_ford,15,15,225,936,0.25,234,0,24,0.24941016698721796,5.164301337060786e-17,2.0454914217715766e-16,6.579870945520828e-16,1.3642420526593924e-12
bellman_ford,15,15,225,936,0.25,234,0,32,0.334800458047539,5.164301337060786e-17,2.0454914217715766e-16,6.579870945520828e-16,1.3642420526593924e-12
matrix_squaring,15,15,225,936,0.25,234,0,1,0.010330040997359902,1.3970759670158817,2.5816457908411543,3.9453182918153673,4747.118671000435
matrix_squaring,15,15,225,936,0.25,234,0,2,0.020464541972614825,0.8803378423209053,1.8686476379137629,2.9417477142314223,3987.926790416283
matrix_squaring,15,15,225,936,0.25,234,0,3,0.03121220797766,0.30249193877410596,0.9752427425105726,1.7431033897861212,2630.203820042828
matrix_squaring,15,15,225,936,0.25,234,0,4,0.04126791696762666,0.010557474001461368,0.08586138430235833,0.3892580037445331,583.3758492555744
matrix_squaring,15,15,225,936,0.25,234,0,5,0.053797250031493604,7.728122938804374e-17,2.1840731464661644e-16,4.3865806303472184e-16,9.094947017729282e-13
matrix_squaring,15,15,225,936,0.25,234,0,6,0.06347587500931695,8.445032127959662e-17,2.4323037430671407e-16,4.3865806303472184e-16,9.094947017729282e-13
matrix_squaring,15,15,225,936,0.25,234,0,7,0.07392049999907613,8.891718318564594e-17,2.67502699234254e-16,4.967527025238177e-16,9.094947017729282e-13
bellman_ford,15,15,225,936,0.25,234,1,1,0.010755957977380604,1.302711304607248,2.3074816102326308,3.8167119967385617,4500.923862073278
bellman_ford,15,15,225,936,0.25,234,1,2,0.020924708049278706,1.0207748060060482,1.9017680763461569,3.272228335490071,4205.174063787168
bellman_ford,15,15,225,936,0.25,234,1,4,0.04234158300096169,0.6127033741950331,1.3841435652744984,2.431155315090934,3528.0369919567343
bellman_ford,15,15,225,936,0.25,234,1,8,0.08407116698799655,0.19260370121409587,0.717009387228415,1.2828901057650324,2321.899407459608
bellman_ford,15,15,225,936,0.25,234,1,16,0.17261816700920463,0.008386787172578077,0.07554695080315502,0.3834736542828522,811.4403507143238
bellman_ford,15,15,225,936,0.25,234,1,24,0.25254633399890736,1.5474898724443743e-06,2.0060841448424243e-16,0.019669728292166667,40.61191325248319
bellman_ford,15,15,225,936,0.25,234,1,32,0.33619333402020857,5.230940081845985e-17,2.0060841448424243e-16,4.583926724352307e-16,6.821210263296962e-13
matrix_squaring,15,15,225,936,0.25,234,1,1,0.010455458017531782,1.302711304607248,2.3074816102326308,3.8167119967385617,4500.923862073278
matrix_squaring,15,15,225,936,0.25,234,1,2,0.020936291955877095,0.7948570016745624,1.6176871095359224,2.730798974676913,3804.089356707755
matrix_squaring,15,15,225,936,0.25,234,1,3,0.03133304096991196,0.26253003556502524,0.8593600139406674,1.4674153386516469,2604.7055598986494
matrix_squaring,15,15,225,936,0.25,234,1,4,0.04212820902466774,0.013464852563559218,0.11366959466345605,0.4300909900764362,868.6380219065768
matrix_squaring,15,15,225,936,0.25,234,1,5,0.05299466702854261,6.491404799328298e-17,2.0521180059909766e-16,4.010529832367726e-16,4.547473508864641e-13
matrix_squaring,15,15,225,936,0.25,234,1,6,0.06409708299906924,7.290660783341952e-17,2.1226089379102265e-16,4.563855314854448e-16,6.821210263296962e-13
matrix_squaring,15,15,225,936,0.25,234,1,7,0.07564841699786484,8.019676979471903e-17,2.5581550038510647e-16,4.863129568348433e-16,6.821210263296962e-13
bellman_ford,15,15,225,936,0.25,234,2,1,0.010649500007275492,1.291351648982908,2.3908794036710153,4.040816326530613,4682.108063106187
bellman_ford,15,15,225,936,0.25,234,2,2,0.020917042042128742,1.0139978311518982,1.97748901869873,3.1117185746192844,4265.4201384784
bellman_ford,15,15,225,936,0.25,234,2,4,0.04098104202421382,0.5965160255485419,1.4273348404537516,2.3132417061178856,3605.2924075422634
bellman_ford,15,15,225,936,0.25,234,2,8,0.08258533396292478,0.16719086700211386,0.6814699134825226,1.3502897233901667,2628.17411223266
bellman_ford,15,15,225,936,0.25,234,2,16,0.17508837499190122,0.0025965386984231633,3.096199707467574e-16,0.37537720172615463,750.0637738833616
bellman_ford,15,15,225,936,0.25,234,2,24,0.24774704198352993,1.1029045374797801e-06,1.9989370018507947e-16,0.0037636566755799546,8.031204791175696
bellman_ford,15,15,225,936,0.25,234,2,32,0.341920165985357,4.6542276093189296e-17,1.9989370018507947e-16,4.642457826456039e-16,9.094947017729282e-13
matrix_squaring,15,15,225,936,0.25,234,2,1,0.01125216600485146,1.291351648982908,2.3908794036710153,4.040816326530613,4682.108063106187
matrix_squaring,15,15,225,936,0.25,234,2,2,0.021647292014677078,0.7837122365684352,1.6727724411470901,2.6279933017545565,3908.254639669888
matrix_squaring,15,15,225,936,0.25,234,2,3,0.03223008301574737,0.237923050936738,0.8438618751191806,1.5122582038673738,2893.2779680129393
matrix_squaring,15,15,225,936,0.25,234,2,4,0.042164415994193405,0.005096380741777668,0.027535371473567476,0.490993275570747,981.0832078571807
matrix_squaring,15,15,225,936,0.25,234,2,5,0.0533350000041537,6.045126560304516e-17,2.1081179301555422e-16,4.3907596642466116e-16,9.094947017729282e-13
matrix_squaring,15,15,225,936,0.25,234,2,6,0.0635637499508448,6.605215291008085e-17,2.1636516129147346e-16,4.1885320303417535e-16,6.821210263296962e-13
matrix_squaring,15,15,225,936,0.25,234,2,7,0.0732240829966031,7.010977453477332e-17,2.222190278221864e-16,4.887989959709904e-16,9.094947017729282e-13
bellman_ford,15,15,225,936,0.5,468,0,1,0.010589917015749961,2.6196865689848767,3.5726719565207055,4.285714285714286,5060.029465351653
bellman_ford,15,15,225,936,0.5,468,0,2,0.021415832976344973,2.0320269942446108,3.1301908115347903,3.787082193610916,4632.64606506881
bellman_ford,15,15,225,936,0.5,468,0,4,0.04275374999269843,1.1519531176028825,2.416120587797109,2.952449916030924,3932.0442892228257
bellman_ford,15,15,225,936,0.5,468,0,8,0.08432337502017617,0.24931099162019413,1.1962467396107548,1.9443106533705967,2590.0294060882193
bellman_ford,15,15,225,936,0.5,468,0,16,0.17026629199972376,4.4287092177055544e-05,1.8608800010924197e-16,0.15483331547251913,206.25450949453875
bellman_ford,15,15,225,936,0.5,468,0,24,0.26241800002753735,3.0863208634783117e-17,1.8440760237073413e-16,4.3054290329236607e-16,4.547473508864641e-13
bellman_ford,15,15,225,936,0.5,468,0,32,0.348303833976388,3.0863208634783117e-17,1.8440760237073413e-16,4.3054290329236607e-16,4.547473508864641e-13
matrix_squaring,15,15,225,936,0.5,468,0,1,0.010585291020106524,2.6196865689848767,3.5726719565207055,4.285714285714286,5060.029465351653
matrix_squaring,15,15,225,936,0.5,468,0,2,0.021276833023875952,1.547976371207963,2.754112606011454,3.237797389969194,4216.480181009557
matrix_squaring,15,15,225,936,0.5,468,0,3,0.03161987499333918,0.39162372125072725,1.4851400265448533,2.256145903059613,3005.427256811958
matrix_squaring,15,15,225,936,0.5,468,0,4,0.04268358298577368,0.000395134458440372,2.0521180059909766e-16,0.3760189300975043,500.89736663739586
matrix_squaring,15,15,225,936,0.5,468,0,5,0.054062583949416876,5.138370246427059e-17,2.0521180059909766e-16,4.305429032923659e-16,4.547473508864641e-13
matrix_squaring,15,15,225,936,0.5,468,0,6,0.06311770802130923,5.2283843135872174e-17,2.0521560617154291e-16,4.305429032923659e-16,4.547473508864641e-13
matrix_squaring,15,15,225,936,0.5,468,0,7,0.07381362497108057,5.253832060919024e-17,2.0528791204800938e-16,5.582640003277257e-16,6.821210263296962e-13
bellman_ford,15,15,225,936,0.5,468,1,1,0.010493792011402547,2.6744633204867823,3.649028352116199,4.285714285714286,4863.682821875444
bellman_ford,15,15,225,936,0.5,468,1,2,0.020618083013687283,2.0770569997959893,3.2152122183077028,3.912450587221313,4448.897235911943
bellman_ford,15,15,225,936,0.5,468,1,4,0.04482675000326708,1.178277673803131,2.499988571126634,3.2616172173604285,3800.423992856163
bellman_ford,15,15,225,936,0.5,468,1,8,0.0848148749792017,0.2600159742130484,1.2315537253129445,1.9623487721557977,2432.0939809988404
bellman_ford,15,15,225,936,0.5,468,1,16,0.17164362501353025,6.213032797032038e-05,1.8061534660731498e-16,0.24628061799054213,343.4646199244237
bellman_ford,15,15,225,936,0.5,468,1,24,0.26698987500276417,2.954881844919195e-17,1.7758988713070264e-16,4.3054290329236607e-16,4.547473508864641e-13
bellman_ford,15,15,225,936,0.5,468,1,32,0.3513893749914132,2.954881844919195e-17,1.7758988713070264e-16,4.3054290329236607e-16,4.547473508864641e-13
matrix_squaring,15,15,225,936,0.5,468,1,1,0.010777250048704445,2.6744633204867823,3.649028352116199,4.285714285714286,4863.682821875444
matrix_squaring,15,15,225,936,0.5,468,1,2,0.02144583297194913,1.5829977513778248,2.8454131867439814,3.586885603126611,4120.457450487218
matrix_squaring,15,15,225,936,0.5,468,1,3,0.032235249993391335,0.4050206167703018,1.5320536145757864,2.2888441382495857,2795.846416284883
matrix_squaring,15,15,225,936,0.5,468,1,4,0.04281075001927093,0.0004413738208636353,1.9680408068668443e-16,0.41193264054650985,574.4840538982432
matrix_squaring,15,15,225,936,0.5,468,1,5,0.05337816698011011,4.218745885704909e-17,1.9680408068668443e-16,4.305429032923659e-16,4.547473508864641e-13
matrix_squaring,15,15,225,936,0.5,468,1,6,0.06415412499336526,4.2670699692643924e-17,1.9680408068668443e-16,4.305429032923659e-16,4.547473508864641e-13
matrix_squaring,15,15,225,936,0.5,468,1,7,0.08495745802065358,4.272833923308795e-17,1.9680408068668443e-16,5.582640003277257e-16,6.821210263296962e-13
bellman_ford,15,15,225,936,0.5,468,2,1,0.012246457976289093,2.670366750864615,3.595498925895646,4.040816326530613,5012.28371394539
bellman_ford,15,15,225,936,0.5,468,2,2,0.023707167012616992,2.070858577242445,3.151110443851747,3.664802136113506,4632.64606506881
bellman_ford,15,15,225,936,0.5,468,2,4,0.044397625024430454,1.1725892377533016,2.4535040081883013,3.03000122833235,3957.2352820160204
bellman_ford,15,15,225,936,0.5,468,2,8,0.09975141601171345,0.25176325148847584,1.2274370777927095,1.8250172824756528,2502.441086758108
bellman_ford,15,15,225,936,0.5,468,2,16,0.21603350003715605,1.3859434074450648e-05,1.7758988713070262e-16,0.08848101632005298,117.86616184622017
bellman_ford,15,15,225,936,0.5,468,2,24,0.2843414170201868,2.636561883211132e-17,1.7551102306940045e-16,4.3054290329236607e-16,4.547473508864641e-13
bellman_ford,15,15,225,936,0.5,468,2,32,0.33482675004052,2.636561883211132e-17,1.7551102306940045e-16,4.3054290329236607e-16,4.547473508864641e-13
matrix_squaring,15,15,225,936,0.5,468,2,1,0.010563124960754067,2.670366750864615,3.595498925895646,4.040816326530613,5012.28371394539
matrix_squaring,15,15,225,936,0.5,468,2,2,0.02125891699688509,1.5779198553867062,2.782547067052723,3.3375914991890325,4306.942333982649
matrix_squaring,15,15,225,936,0.5,468,2,3,0.032061750011052936,0.3957741594565404,1.5175097326379692,2.1100977025686043,2799.61912903727
matrix_squaring,15,15,225,936,0.5,468,2,4,0.04263629100751132,0.00027794425739452146,1.9249079508703187e-16,0.21187783729503065,271.44660940672657
matrix_squaring,15,15,225,936,0.5,468,2,5,0.05514424998546019,4.122225309540336e-17,1.9680408068668443e-16,4.305429032923659e-16,4.547473508864641e-13
matrix_squaring,15,15,225,936,0.5,468,2,6,0.06426545802969486,4.2015747288377805e-17,1.9680408068668443e-16,4.305429032923659e-16,4.547473508864641e-13
matrix_squaring,15,15,225,936,0.5,468,2,7,0.07421204197453335,4.222453671051864e-17,1.9680408068668443e-16,5.064524188074336e-16,6.821210263296962e-13
bellman_ford,15,15,225,936,0.75,702,0,1,0.010798915987834334,3.0726985353623473,3.920971101476356,4.351648351648352,4974.777542236343
bellman_ford,15,15,225,936,0.75,702,0,2,0.02119820797815919,2.3204311734686396,3.4774977270303453,3.9890109890109895,4533.254639669889
bellman_ford,15,15,225,936,0.75,702,0,4,0.05287858401425183,1.2267208814577406,2.6761174927936318,3.263736263736264,3704.9417360566645
bellman_ford,15,15,225,936,0.75,702,0,8,0.10821575002046302,0.19828111997405193,1.2068777614294344,1.9623487721557977,2083.4396231389346
bellman_ford,15,15,225,936,0.75,702,0,16,0.17964733304688707,1.364321119444854e-17,1.4371575809358864e-16,3.78954980656032e-16,4.547473508864641e-13
bellman_ford,15,15,225,936,0.75,702,0,24,0.2552471249946393,1.364321119444854e-17,1.4371575809358864e-16,3.78954980656032e-16,4.547473508864641e-13
bellman_ford,15,15,225,936,0.75,702,0,32,0.4124094580183737,1.364321119444854e-17,1.4371575809358864e-16,3.78954980656032e-16,4.547473508864641e-13
matrix_squaring,15,15,225,936,0.75,702,0,1,0.010962792031932622,3.0726985353623473,3.920971101476356,4.351648351648352,4974.777542236343
matrix_squaring,15,15,225,936,0.75,702,0,2,0.02195441600633785,1.7117041552284782,3.0611467224706272,3.6263736263736264,4118.846934367701
matrix_squaring,15,15,225,936,0.75,702,0,3,0.03330804099095985,0.34640824342011245,1.560027350810888,2.2888441382495857,2500.127547766722
matrix_squaring,15,15,225,936,0.75,702,0,4,0.045289041998330504,3.737424083619448e-17,1.806212442316564e-16,4.305429032923659e-16,4.547473508864641e-13
matrix_squaring,15,15,225,936,0.75,702,0,5,0.06054174999007955,3.825268552513627e-17,1.917696831309736e-16,4.305429032923659e-16,4.547473508864641e-13
matrix_squaring,15,15,225,936,0.75,702,0,6,0.06522612494882196,3.838170986773764e-17,1.917696831309736e-16,4.305429032923659e-16,4.547473508864641e-13
matrix_squaring,15,15,225,936,0.75,702,0,7,0.07472208299441263,3.839616757132816e-17,1.917696831309736e-16,4.305429032923659e-16,4.547473508864641e-13
bellman_ford,15,15,225,936,0.75,702,1,1,0.010794000001624227,3.0744832424938333,3.911453854172966,4.321428571428572,4974.777542236343
bellman_ford,15,15,225,936,0.75,702,1,2,0.021282042027451098,2.317823848442203,3.4741588901259637,3.928571428571429,4510.343866202294
bellman_ford,15,15,225,936,0.75,702,1,4,0.04272304096957669,1.2210562735840629,2.6670963321198755,3.1705080204554053,3676.96801694672
bellman_ford,15,15,225,936,0.75,702,1,8,0.08672170795034617,0.19607970300653932,1.2067905252460522,1.9075330139708553,2096.84037759529
bellman_ford,15,15,225,936,0.75,702,1,16,0.18162733403733,1.2691296158478589e-17,1.373585107776225e-16,2.5115002692054685e-16,2.2737367544323206e-13
bellman_ford,15,15,225,936,0.75,702,1,24,0.2726735419710167,1.2691296158478589e-17,1.373585107776225e-16,2.5115002692054685e-16,2.2737367544323206e-13
bellman_ford,15,15,225,936,0.75,702,1,32,0.3661627499968745,1.2691296158478589e-17,1.373585107776225e-16,2.5115002692054685e-16,2.2737367544323206e-13
matrix_squaring,15,15,225,936,0.75,702,1,1,0.011193167010787874,3.0744832424938333,3.911453854172966,4.321428571428572,4974.777542236343
matrix_squaring,15,15,225,936,0.75,702,1,2,0.023080707993358374,1.7076324328760777,3.0495716091687375,3.535714285714286,4093.655941574507
matrix_squaring,15,15,225,936,0.75,702,1,3,0.036150290980003774,0.34317853911892193,1.5640184800224137,2.2249081404363733,2426.904243063358
matrix_squaring,15,15,225,936,0.75,702,1,4,0.04789400001754984,3.507648832658041e-17,1.735890806552909e-16,4.289060296261166e-16,4.547473508864641e-13
matrix_squaring,15,15,225,936,0.75,702,1,5,0.05877341702580452,3.5967803543004116e-17,1.7758988713070262e-16,4.289060296261166e-16,4.547473508864641e-13
matrix_squaring,15,15,225,936,0.75,702,1,6,0.07229629199719056,3.61202058433646e-17,1.7758988713070262e-16,4.289060296261166e-16,4.547473508864641e-13
matrix_squaring,15,15,225,936,0.75,702,1,7,0.09208325005602092,3.613466354695511e-17,1.7758988713070262e-16,4.289060296261166e-16,4.547473508864641e-13
bellman_ford,15,15,225,936,0.75,702,2,1,0.01115274999756366,3.0673073044564414,3.9193218833077874,4.285714285714286,4963.6434431817615
bellman_ford,15,15,225,936,0.75,702,2,2,0.025636832986492664,2.3180808881834283,3.4774977270303453,3.8571428571428577,4510.343866202294
bellman_ford,15,15,225,936,0.75,702,2,4,0.05245129199465737,1.2360451798583685,2.658585481255803,3.1233541918157885,3713.579669298401
bellman_ford,15,15,225,936,0.75,702,2,8,0.09028000000398606,0.20502143644403206,1.215897631958819,1.8492556079031863,2248.321493659103
bellman_ford,15,15,225,936,0.75,702,2,16,0.16483479196904227,1.3094460651244832e-17,1.373585107776225e-16,2.91381403273627e-16,2.2737367544323206e-13
bellman_ford,15,15,225,936,0.75,702,2,24,0.2593709159991704,1.3094460651244832e-17,1.373585107776225e-16,2.91381403273627e-16,2.2737367544323206e-13
bellman_ford,15,15,225,936,0.75,702,2,32,0.35876891697989777,1.3094460651244832e-17,1.373585107776225e-16,2.91381403273627e-16,2.2737367544323206e-13
matrix_squaring,15,15,225,936,0.75,702,2,1,0.010690791998058558,3.0673073044564414,3.9193218833077874,4.285714285714286,4963.6434431817615
matrix_squaring,15,15,225,936,0.75,702,2,2,0.021496707980986685,1.7164538899807464,3.046784896794384,3.492263480383318,4104.790040629088
matrix_squaring,15,15,225,936,0.75,702,2,3,0.03240104200085625,0.35669697760671576,1.5639101483007047,2.1726358541318542,2663.252710791582
matrix_squaring,15,15,225,936,0.75,702,2,4,0.042922249995172024,3.364343535125425e-17,1.734802661581363e-16,4.305429032923659e-16,4.547473508864641e-13
matrix_squaring,15,15,225,936,0.75,702,2,5,0.05388804100221023,3.4651266900734793e-17,1.7758988713070262e-16,4.305429032923659e-16,4.547473508864641e-13
matrix_squaring,15,15,225,936,0.75,702,2,6,0.06493049999698997,3.4811593363432686e-17,1.7758988713070262e-16,4.305429032923659e-16,4.547473508864641e-13
matrix_squaring,15,15,225,936,0.75,702,2,7,0.07466070802183822,3.4832994186586496e-17,1.7758988713070262e-16,4.305429032923659e-16,4.547473508864641e-13
bellman_ford,15,15,225,936,1.0,936,0,1,0.010855250002350658,3.176809987466411,4.047862220059991,4.321428571428572,5000.255095533444
bellman_ford,15,15,225,936,1.0,936,0,2,0.021319416991900653,2.3630519037298523,3.5501716191299395,3.928571428571429,4206.4136933135815
bellman_ford,15,15,225,936,1.0,936,0,4,0.04327345796627924,1.2011196584906054,2.6948343141710205,3.1428571428571432,3379.2917626957496
bellman_ford,15,15,225,936,1.0,936,0,8,0.08578045800095424,0.1632538490596893,1.1733596720449642,1.5714285714285716,1743.2728832368518
bellman_ford,15,15,225,936,1.0,936,0,16,0.17801087500993162,4.282367380180906e-19,0.0,2.1445301481305834e-16,2.2737367544323206e-13
bellman_ford,15,15,225,936,1.0,936,0,24,0.257313999987673,4.282367380180906e-19,0.0,2.1445301481305834e-16,2.2737367544323206e-13
bellman_ford,15,15,225,936,1.0,936,0,32,0.33398337505059317,4.282367380180906e-19,0.0,2.1445301481305834e-16,2.2737367544323206e-13
matrix_squaring,15,15,225,936,1.0,936,0,1,0.01058004202786833,3.176809987466411,4.047862220059991,4.321428571428572,5000.255095533444
matrix_squaring,15,15,225,936,1.0,936,0,2,0.02133266703458503,1.7132372754624072,3.1428571428571432,3.535714285714286,3792.508495002544
matrix_squaring,15,15,225,936,1.0,936,0,3,0.031860666000284255,0.3046437360897715,1.529017341660175,1.9642857142857144,2147.79548418949
matrix_squaring,15,15,225,936,1.0,936,0,4,0.04304391599725932,2.97363594397679e-17,1.917696831309736e-16,4.289060296261166e-16,4.547473508864641e-13
matrix_squaring,15,15,225,936,1.0,936,0,5,0.053564166999422014,3.0283246977787106e-17,1.917696831309736e-16,4.289060296261166e-16,4.547473508864641e-13
matrix_squaring,15,15,225,936,1.0,936,0,6,0.06372929201461375,3.0306586305517274e-17,1.917696831309736e-16,4.289060296261166e-16,4.547473508864641e-13
matrix_squaring,15,15,225,936,1.0,936,0,7,0.0756007909658365,3.0306586305517274e-17,1.917696831309736e-16,4.289060296261166e-16,4.547473508864641e-13
bellman_ford,15,15,225,936,1.0,936,1,1,0.011027375003322959,3.176809987466411,4.047862220059991,4.321428571428572,5000.255095533444
bellman_ford,15,15,225,936,1.0,936,1,2,0.021519250003620982,2.3630519037298523,3.5501716191299395,3.928571428571429,4206.4136933135815
bellman_ford,15,15,225,936,1.0,936,1,4,0.04403575003379956,1.2011196584906054,2.6948343141710205,3.1428571428571432,3379.2917626957496
bellman_ford,15,15,225,936,1.0,936,1,8,0.08570037502795458,0.1632538490596893,1.1733596720449642,1.5714285714285716,1743.2728832368518
bellman_ford,15,15,225,936,1.0,936,1,16,0.1718444160069339,4.282367380180906e-19,0.0,2.1445301481305834e-16,2.2737367544323206e-13
bellman_ford,15,15,225,936,1.0,936,1,24,0.2834192080190405,4.282367380180906e-19,0.0,2.1445301481305834e-16,2.2737367544323206e-13
bellman_ford,15,15,225,936,1.0,936,1,32,0.3410158749902621,4.282367380180906e-19,0.0,2.1445301481305834e-16,2.2737367544323206e-13
matrix_squaring,15,15,225,936,1.0,936,1,1,0.010731999995186925,3.176809987466411,4.047862220059991,4.321428571428572,5000.255095533444
matrix_squaring,15,15,225,936,1.0,936,1,2,0.021283167006913573,1.7132372754624072,3.1428571428571432,3.535714285714286,3792.508495002544
matrix_squaring,15,15,225,936,1.0,936,1,3,0.03209049999713898,0.3046437360897715,1.529017341660175,1.9642857142857144,2147.79548418949
matrix_squaring,15,15,225,936,1.0,936,1,4,0.043280000041704625,2.97363594397679e-17,1.917696831309736e-16,4.289060296261166e-16,4.547473508864641e-13
matrix_squaring,15,15,225,936,1.0,936,1,5,0.05374745902372524,3.0283246977787106e-17,1.917696831309736e-16,4.289060296261166e-16,4.547473508864641e-13
matrix_squaring,15,15,225,936,1.0,936,1,6,0.06457804201636463,3.0306586305517274e-17,1.917696831309736e-16,4.289060296261166e-16,4.547473508864641e-13
matrix_squaring,15,15,225,936,1.0,936,1,7,0.07505374995525926,3.0306586305517274e-17,1.917696831309736e-16,4.289060296261166e-16,4.547473508864641e-13
bellman_ford,15,15,225,936,1.0,936,2,1,0.010953291959594935,3.176809987466411,4.047862220059991,4.321428571428572,5000.255095533444
bellman_ford,15,15,225,936,1.0,936,2,2,0.02133783302269876,2.3630519037298523,3.5501716191299395,3.928571428571429,4206.4136933135815
bellman_ford,15,15,225,936,1.0,936,2,4,0.04321033298037946,1.2011196584906054,2.6948343141710205,3.1428571428571432,3379.2917626957496
bellman_ford,15,15,225,936,1.0,936,2,8,0.08562208304647356,0.1632538490596893,1.1733596720449642,1.5714285714285716,1743.2728832368518
bellman_ford,15,15,225,936,1.0,936,2,16,0.17262387496884912,4.282367380180906e-19,0.0,2.1445301481305834e-16,2.2737367544323206e-13
bellman_ford,15,15,225,936,1.0,936,2,24,0.25712812499841675,4.282367380180906e-19,0.0,2.1445301481305834e-16,2.2737367544323206e-13
bellman_ford,15,15,225,936,1.0,936,2,32,0.350378584000282,4.282367380180906e-19,0.0,2.1445301481305834e-16,2.2737367544323206e-13
matrix_squaring,15,15,225,936,1.0,936,2,1,0.010832291969563812,3.176809987466411,4.047862220059991,4.321428571428572,5000.255095533444
matrix_squaring,15,15,225,936,1.0,936,2,2,0.021682417020201683,1.7132372754624072,3.1428571428571432,3.535714285714286,3792.508495002544
matrix_squaring,15,15,225,936,1.0,936,2,3,0.03172383300261572,0.3046437360897715,1.529017341660175,1.9642857142857144,2147.79548418949
matrix_squaring,15,15,225,936,1.0,936,2,4,0.04255458299303427,2.97363594397679e-17,1.917696831309736e-16,4.289060296261166e-16,4.547473508864641e-13
matrix_squaring,15,15,225,936,1.0,936,2,5,0.05347208300372586,3.0283246977787106e-17,1.917696831309736e-16,4.289060296261166e-16,4.547473508864641e-13
matrix_squaring,15,15,225,936,1.0,936,2,6,0.06371608300833032,3.0306586305517274e-17,1.917696831309736e-16,4.289060296261166e-16,4.547473508864641e-13
matrix_squaring,15,15,225,936,1.0,936,2,7,0.08353908400749788,3.0306586305517274e-17,1.917696831309736e-16,4.289060296261166e-16,4.547473508864641e-13
